Workbook

Sheet Info
A1: Date | B1: Spot Date | C1: Spot | D1: First Delivery Date | E1: Days to FDD | F1: Swap Rate | G1: Swap Implied EFP | H1: Traded EFP | I1: Nearby Contract Discount/Premium EFP over Swaps | J1: $4 - 50% of Uncovered Position Outside Nearby | K1: $6 - 75% of Uncovered Position Outside Nearby | L1: $8 - 100% of Uncovered Position Outside Nearby | N1: Date | O1: Spot Date | P1: Spot | Q1: First Notice Day | R1: Days to FND | S1: Swap Rate | T1: Swap Implied EFP | U1: Traded EFP | V1: Nearby Contract/Premium EFP over Swaps | W1: 15c - Call to Assess Market Dynamics, Possible Sourcing Requirements, and Available Liquidity/Stock | X1: 20c for 5 Consecutive Business Days - 75% Cover, 50% Utilisation from 1st Active Contract | Y1: 25c for 5 Consecutive Business Days - 100% Cover, 50% Utilisation from 1st and 2nd Active Contract | Z1: Implied in Cents | AA1: EFP in cents | AB1: Discount/Prem in Cents | AE1: Gold COMEX Stocks (oz) | AF1: Gold Active Contract | AG1: Gold Aggregate OI | AH1: Gold Aggregate OI (oz) | AI1: Stock/ Agg OI | AK1: Silver COMEX Stocks ('000 oz) | AL1: Silver Active Contract | AM1: Silver OI Contract | AN1: Stocks/Agg OI | AO1: Silver COMEX Stocks | AP1: Silver OI ('000 oz) | AQ1: Silver OI (oz)
A4: 44896 | B4: {=_xll.BADDPERIODS(A4, "PER=WD", "NUMBEROFPERIODS=2", "BUSDAYADJ=-2", "CDR=GQ", "CDR=P9")} -> 44900 | C4: {=_xll.BDH("XAU Curncy","PX_LAST",A4,A4)} -> 1803.1 | D4: {=_xll.BDP("GCG23 Comdty",$M$32)} -> 01/02/2023 | E4: =_xlfn.DAYS(D4,B4) -> 58 | F4: 0.0462 | G4: =C4*(E4/360)*F4 -> 13.421074 | H4: 13.95 | I4: =H4-G4 -> 0.52892567 | J4: 4 | K4: 6 | L4: 8
A5: 44897 | B5: {=_xll.BADDPERIODS(A5, "PER=WD", "NUMBEROFPERIODS=2", "BUSDAYADJ=-2", "CDR=GQ", "CDR=P9")} -> 44901 | C5: {=_xll.BDH("XAU Curncy","PX_LAST",A5,A5)} -> 1797.63 | D5: {=_xll.BDP("GCG23 Comdty",$M$32)} -> 01/02/2023 | E5: =_xlfn.DAYS(D5,B5) -> 57 | F5: 0.046 | G5: =C5*(E5/360)*F5 -> 13.092738 | H5: 13.75 | I5: =H5-G5 -> 0.6572615 | J5: 4 | K5: 6 | L5: 8
A6: 44900 | B6: {=_xll.BADDPERIODS(A6, "PER=WD", "NUMBEROFPERIODS=2", "BUSDAYADJ=-2", "CDR=GQ", "CDR=P9")} -> 44902 | C6: {=_xll.BDH("XAU Curncy","PX_LAST",A6,A6)} -> 1768.68 | D6: {=_xll.BDP("GCG23 Comdty",$M$32)} -> 01/02/2023 | E6: =_xlfn.DAYS(D6,B6) -> 56 | F6: 0.0463 | G6: =C6*(E6/360)*F6 -> 12.738426 | H6: 12.8 | I6: =H6-G6 -> 0.0615736 | J6: 4 | K6: 6 | L6: 8
A7: 44901 | B7: {=_xll.BADDPERIODS(A7, "PER=WD", "NUMBEROFPERIODS=2", "BUSDAYADJ=-2", "CDR=GQ", "CDR=P9")} -> 44903 | C7: {=_xll.BDH("XAU Curncy","PX_LAST",A7,A7)} -> 1771.04 | D7: {=_xll.BDP("GCG23 Comdty",$M$32)} -> 01/02/2023 | E7: =_xlfn.DAYS(D7,B7) -> 55 | F7: 0.046 | G7: =C7*(E7/360)*F7 -> 12.446476 | H7: 11.9 | I7: =H7-G7 -> -0.54647556 | J7: 4 | K7: 6 | L7: 8
A8: 44902 | B8: {=_xll.BADDPERIODS(A8, "PER=WD", "NUMBEROFPERIODS=2", "BUSDAYADJ=-2", "CDR=GQ", "CDR=P9")} -> 44904 | C8: {=_xll.BDH("XAU Curncy","PX_LAST",A8,A8)} -> 1786.27 | D8: {=_xll.BDP("GCG23 Comdty",$M$32)} -> 01/02/2023 | E8: =_xlfn.DAYS(D8,B8) -> 54 | F8: 0.046 | G8: =C8*(E8/360)*F8 -> 12.325263 | H8: 12.25 | I8: =H8-G8 -> -0.075263 | J8: 4 | K8: 6 | L8: 8
A9: 44903 | B9: {=_xll.BADDPERIODS(A9, "PER=WD", "NUMBEROFPERIODS=2", "BUSDAYADJ=-2", "CDR=GQ", "CDR=P9")} -> 44907 | C9: {=_xll.BDH("XAU Curncy","PX_LAST",A9,A9)} -> 1789.14 | D9: {=_xll.BDP("GCG23 Comdty",$M$32)} -> 01/02/2023 | E9: =_xlfn.DAYS(D9,B9) -> 51 | F9: 0.0464 | G9: =C9*(E9/360)*F9 -> 11.760614 | H9: 12 | I9: =H9-G9 -> 0.2393864 | J9: 4 | K9: 6 | L9: 8
A10: 44904 | B10: {=_xll.BADDPERIODS(A10, "PER=WD", "NUMBEROFPERIODS=2", "BUSDAYADJ=-2", "CDR=GQ", "CDR=P9")} -> 44908 | C10: {=_xll.BDH("XAU Curncy","PX_LAST",A10,A10)} -> 1797.32 | D10: {=_xll.BDP("GCG23 Comdty",$M$32)} -> 01/02/2023 | E10: =_xlfn.DAYS(D10,B10) -> 50 | F10: 0.0465 | G10: =C10*(E10/360)*F10 -> 11.607692 | H10: 11.8 | I10: =H10-G10 -> 0.19230833 | J10: 4 | K10: 6 | L10: 8
A11: 44907 | B11: {=_xll.BADDPERIODS(A11, "PER=WD", "NUMBEROFPERIODS=2", "BUSDAYADJ=-2", "CDR=GQ", "CDR=P9")} -> 44909 | C11: {=_xll.BDH("XAU Curncy","PX_LAST",A11,A11)} -> 1781.44 | D11: {=_xll.BDP("GCG23 Comdty",$M$32)} -> 01/02/2023 | E11: =_xlfn.DAYS(D11,B11) -> 49 | F11: 0.0468 | G11: =C11*(E11/360)*F11 -> 11.347773 | H11: 11.4 | I11: =H11-G11 -> 0.0522272 | J11: 4 | K11: 6 | L11: 8
A12: 44908 | B12: {=_xll.BADDPERIODS(A12, "PER=WD", "NUMBEROFPERIODS=2", "BUSDAYADJ=-2", "CDR=GQ", "CDR=P9")} -> 44910 | C12: {=_xll.BDH("XAU Curncy","PX_LAST",A12,A12)} -> 1810.8 | D12: {=_xll.BDP("GCG23 Comdty",$M$32)} -> 01/02/2023 | E12: =_xlfn.DAYS(D12,B12) -> 48 | F12: 0.0468 | G12: =C12*(E12/360)*F12 -> 11.299392 | H12: 11.4 | I12: =H12-G12 -> 0.100608 | J12: 4 | K12: 6 | L12: 8
A13: 44909 | B13: {=_xll.BADDPERIODS(A13, "PER=WD", "NUMBEROFPERIODS=2", "BUSDAYADJ=-2", "CDR=GQ", "CDR=P9")} -> 44911 | C13: {=_xll.BDH("XAU Curncy","PX_LAST",A13,A13)} -> 1807.32 | D13: {=_xll.BDP("GCG23 Comdty",$M$32)} -> 01/02/2023 | E13: =_xlfn.DAYS(D13,B13) -> 47 | F13: 0.0467 | G13: =C13*(E13/360)*F13 -> 11.01913 | H13: 10.5 | I13: =H13-G13 -> -0.51912963 | J13: 4 | K13: 6 | L13: 8
A14: 44910 | B14: {=_xll.BADDPERIODS(A14, "PER=WD", "NUMBEROFPERIODS=2", "BUSDAYADJ=-2", "CDR=GQ", "CDR=P9")} -> 44914 | C14: {=_xll.BDH("XAU Curncy","PX_LAST",A14,A14)} -> 1776.85 | D14: {=_xll.BDP("GCG23 Comdty",$M$32)} -> 01/02/2023 | E14: =_xlfn.DAYS(D14,B14) -> 44 | F14: 0.0466 | G14: =C14*(E14/360)*F14 -> 10.120148 | H14: 10 | I14: =H14-G14 -> -0.12014789 | J14: 4 | K14: 6 | L14: 8
A15: 44911 | B15: {=_xll.BADDPERIODS(A15, "PER=WD", "NUMBEROFPERIODS=2", "BUSDAYADJ=-2", "CDR=GQ", "CDR=P9")} -> 44915 | C15: {=_xll.BDH("XAU Curncy","PX_LAST",A15,A15)} -> 1793.08 | D15: {=_xll.BDP("GCG23 Comdty",$M$32)} -> 01/02/2023 | E15: =_xlfn.DAYS(D15,B15) -> 43 | F15: 0.0465 | G15: =C15*(E15/360)*F15 -> 9.9590652 | H15: 9.75 | I15: =H15-G15 -> -0.20906517 | J15: 4 | K15: 6 | L15: 8
A16: 44914 | B16: {=_xll.BADDPERIODS(A16, "PER=WD", "NUMBEROFPERIODS=2", "BUSDAYADJ=-2", "CDR=GQ", "CDR=P9")} -> 44916 | C16: {=_xll.BDH("XAU Curncy","PX_LAST",A16,A16)} -> 1787.62 | D16: {=_xll.BDP("GCG23 Comdty",$M$32)} -> 01/02/2023 | E16: =_xlfn.DAYS(D16,B16) -> 42 | F16: 0.0463 | G16: =C16*(E16/360)*F16 -> 9.6561274 | H16: 9.55 | I16: =H16-G16 -> -0.10612737 | J16: 4 | K16: 6 | L16: 8
A17: 44915 | B17: {=_xll.BADDPERIODS(A17, "PER=WD", "NUMBEROFPERIODS=2", "BUSDAYADJ=-2", "CDR=GQ", "CDR=P9")} -> 44917 | C17: {=_xll.BDH("XAU Curncy","PX_LAST",A17,A17)} -> 1817.94 | D17: {=_xll.BDP("GCG23 Comdty",$M$32)} -> 01/02/2023 | E17: =_xlfn.DAYS(D17,B17) -> 41 | F17: 0.0456 | G17: =C17*(E17/360)*F17 -> 9.4411684 | H17: 9.25 | I17: =H17-G17 -> -0.1911684 | J17: 4 | K17: 6 | L17: 8 | AG17: =100 -> 100
A18: 44916 | B18: {=_xll.BADDPERIODS(A18, "PER=WD", "NUMBEROFPERIODS=2", "BUSDAYADJ=-2", "CDR=GQ", "CDR=P9")} -> 44918 | C18: {=_xll.BDH("XAU Curncy","PX_LAST",A18,A18)} -> 1814.39 | D18: {=_xll.BDP("GCG23 Comdty",$M$32)} -> 01/02/2023 | E18: =_xlfn.DAYS(D18,B18) -> 40 | F18: 0.0458 | G18: =C18*(E18/360)*F18 -> 9.2332291 | H18: 9.5 | I18: =H18-G18 -> 0.26677089 | J18: 4 | K18: 6 | L18: 8
A19: 44917 | B19: {=_xll.BADDPERIODS(A19, "PER=WD", "NUMBEROFPERIODS=2", "BUSDAYADJ=-2", "CDR=GQ", "CDR=P9")} -> 44923 | C19: {=_xll.BDH("XAU Curncy","PX_LAST",A19,A19)} -> 1792.52 | D19: {=_xll.BDP("GCG23 Comdty",$M$32)} -> 01/02/2023 | E19: =_xlfn.DAYS(D19,B19) -> 35 | F19: 0.045 | G19: =C19*(E19/360)*F19 -> 7.842275 | H19: 8.55 | I19: =H19-G19 -> 0.707725 | J19: 4 | K19: 6 | L19: 8
A20: 44918 | B20: {=_xll.BADDPERIODS(A20, "PER=WD", "NUMBEROFPERIODS=2", "BUSDAYADJ=-2", "CDR=GQ", "CDR=P9")} -> 44924 | C20: {=_xll.BDH("XAU Curncy","PX_LAST",A20,A20)} -> 1798.2 | D20: {=_xll.BDP("GCG23 Comdty",$M$32)} -> 01/02/2023 | E20: =_xlfn.DAYS(D20,B20) -> 34 | F20: 0.045 | G20: =C20*(E20/360)*F20 -> 7.64235 | H20: 8 | I20: =H20-G20 -> 0.35765 | J20: 4 | K20: 6 | L20: 8
A21: 44923 | B21: {=_xll.BADDPERIODS(A21, "PER=WD", "NUMBEROFPERIODS=2", "BUSDAYADJ=-2", "CDR=GQ", "CDR=P9")} -> 44925 | C21: {=_xll.BDH("XAU Curncy","PX_LAST",A21,A21)} -> 1804.35 | D21: {=_xll.BDP("GCG23 Comdty",$M$32)} -> 01/02/2023 | E21: =_xlfn.DAYS(D21,B21) -> 33 | F21: 0.0445 | G21: =C21*(E21/360)*F21 -> 7.3602444 | H21: 7.1 | I21: =H21-G21 -> -0.26024437 | J21: 4 | K21: 6 | L21: 8
A22: 44924 | B22: {=_xll.BADDPERIODS(A22, "PER=WD", "NUMBEROFPERIODS=2", "BUSDAYADJ=-2", "CDR=GQ", "CDR=P9")} -> 44929 | C22: {=_xll.BDH("XAU Curncy","PX_LAST",A22,A22)} -> 1814.91 | D22: {=_xll.BDP("GCG23 Comdty",$M$32)} -> 01/02/2023 | E22: =_xlfn.DAYS(D22,B22) -> 29 | F22: 0.044 | G22: =C22*(E22/360)*F22 -> 6.4328477 | H22: 6.6 | I22: =H22-G22 -> 0.16715233 | J22: 4 | K22: 6 | L22: 8
A23: 44925 | B23: {=_xll.BADDPERIODS(A23, "PER=WD", "NUMBEROFPERIODS=2", "BUSDAYADJ=-2", "CDR=GQ", "CDR=P9")} -> 44930 | C23: {=_xll.BDH("XAU Curncy","PX_LAST",A23,A23)} -> 1824.02 | D23: {=_xll.BDP("GCG23 Comdty",$M$32)} -> 01/02/2023 | E23: =_xlfn.DAYS(D23,B23) -> 28 | F23: 0.044 | G23: =C23*(E23/360)*F23 -> 6.2422018 | H23: 6.3 | I23: =H23-G23 -> 0.057798222 | J23: 4 | K23: 6 | L23: 8
A24: 44929 | B24: {=_xll.BADDPERIODS(A24, "PER=WD", "NUMBEROFPERIODS=2", "BUSDAYADJ=-2", "CDR=GQ", "CDR=P9")} -> 44931 | C24: {=_xll.BDH("XAU Curncy","PX_LAST",A24,A24)} -> 1839.48 | D24: {=_xll.BDP("GCG23 Comdty",$M$32)} -> 01/02/2023 | E24: =_xlfn.DAYS(D24,B24) -> 27 | F24: 0.044 | G24: =C24*(E24/360)*F24 -> 6.070284 | H24: 6.1 | I24: =H24-G24 -> 0.029716 | J24: 4 | K24: 6 | L24: 8 | N24: 44929 | O24: {=_xll.BADDPERIODS(N24, "PER=WD", "NUMBEROFPERIODS=2", "BUSDAYADJ=-2", "CDR=GQ", "CDR=P9")} -> 44931 | P24: {=_xll.BDH("XAG Curncy","PX_LAST",N24,N24)} -> 24.0072 | Q24: {=_xll.BDP("SIH23 Comdty",$M$32)} -> 01/03/2023 | R24: =_xlfn.DAYS(Q24,O24) -> 55 | S24: 0.0425 | T24: =P24*(R24/360)*S24 -> 0.15588008 | U24: 0.195 | V24: =100*(U24-T24) -> 3.9119917 | W24: 15 | X24: 20 | Y24: 25 | Z24: =100*T24 -> 15.588008 | AA24: =U24*100 -> 19.5 | AB24: =V24 -> 3.9119917 | AE24: {=_xll.BDH("COMXGOLD Comdty","PX_Last", N24)} -> 23179859 | AF24: {=_xll.BDS("GCA Comdty","FUT_CHAIN", "CHAIN_DATE",A24,"endrow=1")} -> GCF23 Comdty | AG24: {=_xll.BDH(AF24,"FUT_AGGTE_OPEN_INT",A24)} -> 449393 | AH24: =AG24*$AG$17 -> 44939300 | AI24: =AE24/AH24 -> 0.51580373 | AK24: {=_xll.BDH("COMXSILV Comdty","PX_Last", N24)} -> 300779.78 | AL24: {=_xll.BDS("SIA Comdty","FUT_CHAIN", "CHAIN_DATE",A24,"endrow=1")} -> SIF23 Comdty | AM24: {=_xll.BDH(AL24,"FUT_AGGTE_OPEN_INT",A24)} -> 131990 | AN24: =(AO24/AP24)/100 -> 455.76147 | AO24: =AK24*100000 -> 3.0077978e+10 | AP24: =(AM24*5000)/1000 -> 659950
A25: 44930 | B25: {=_xll.BADDPERIODS(A25, "PER=WD", "NUMBEROFPERIODS=2", "BUSDAYADJ=-2", "CDR=GQ", "CDR=P9")} -> 44932 | C25: {=_xll.BDH("XAU Curncy","PX_LAST",A25,A25)} -> 1854.56 | D25: {=_xll.BDP("GCG23 Comdty",$M$32)} -> 01/02/2023 | E25: =_xlfn.DAYS(D25,B25) -> 26 | F25: 0.0445 | G25: =C25*(E25/360)*F25 -> 5.9603498 | H25: 5.9 | I25: =H25-G25 -> -0.060349778 | J25: 4 | K25: 6 | L25: 8 | N25: 44930 | O25: {=_xll.BADDPERIODS(N25, "PER=WD", "NUMBEROFPERIODS=2", "BUSDAYADJ=-2", "CDR=GQ", "CDR=P9")} -> 44932 | P25: {=_xll.BDH("XAG Curncy","PX_LAST",N25,N25)} -> 23.7597 | Q25: {=_xll.BDP("SIH23 Comdty",$M$32)} -> 01/03/2023 | R25: =_xlfn.DAYS(Q25,O25) -> 54 | S25: 0.0425 | T25: =P25*(R25/360)*S25 -> 0.15146809 | U25: 0.1625 | V25: =100*(U25-T25) -> 1.1031913 | W25: 15 | X25: 20 | Y25: 25 | Z25: =100*T25 -> 15.146809 | AA25: =U25*100 -> 16.25 | AB25: =V25 -> 1.1031913 | AE25: {=_xll.BDH("COMXGOLD Comdty","PX_Last", N25)} -> 23179758 | AF25: {=_xll.BDS("GCA Comdty","FUT_CHAIN", "CHAIN_DATE",A25,"endrow=1")} -> GCF23 Comdty | AG25: {=_xll.BDH(AF25,"FUT_AGGTE_OPEN_INT",A25)} -> 457408 | AH25: =AG25*$AG$17 -> 45740800 | AI25: =AE25/AH25 -> 0.50676328 | AK25: {=_xll.BDH("COMXSILV Comdty","PX_Last", N25)} -> 301908.47 | AL25: {=_xll.BDS("SIA Comdty","FUT_CHAIN", "CHAIN_DATE",A25,"endrow=1")} -> SIF23 Comdty | AM25: {=_xll.BDH(AL25,"FUT_AGGTE_OPEN_INT",A25)} -> 133209 | AN25: =(AO25/AP25)/100 -> 453.28539 | AO25: =AK25*100000 -> 3.0190847e+10 | AP25: =(AM25*5000)/1000 -> 666045
A26: 44931 | B26: {=_xll.BADDPERIODS(A26, "PER=WD", "NUMBEROFPERIODS=2", "BUSDAYADJ=-2", "CDR=GQ", "CDR=P9")} -> 44935 | C26: {=_xll.BDH("XAU Curncy","PX_LAST",A26,A26)} -> 1832.89 | D26: {=_xll.BDP("GCG23 Comdty",$M$32)} -> 01/02/2023 | E26: =_xlfn.DAYS(D26,B26) -> 23 | F26: 0.0445 | G26: =C26*(E26/360)*F26 -> 5.2110081 | H26: 4.9 | I26: =H26-G26 -> -0.3110081 | J26: 4 | K26: 6 | L26: 8 | N26: 44931 | O26: {=_xll.BADDPERIODS(N26, "PER=WD", "NUMBEROFPERIODS=2", "BUSDAYADJ=-2", "CDR=GQ", "CDR=P9")} -> 44935 | P26: {=_xll.BDH("XAG Curncy","PX_LAST",N26,N26)} -> 23.2438 | Q26: {=_xll.BDP("SIH23 Comdty",$M$32)} -> 01/03/2023 | R26: =_xlfn.DAYS(Q26,O26) -> 51 | S26: 0.0425 | T26: =P26*(R26/360)*S26 -> 0.13994705 | U26: 0.14625 | V26: =100*(U26-T26) -> 0.63029542 | W26: 15 | X26: 20 | Y26: 25 | Z26: =100*T26 -> 13.994705 | AA26: =U26*100 -> 14.625 | AB26: =V26 -> 0.63029542 | AE26: {=_xll.BDH("COMXGOLD Comdty","PX_Last", N26)} -> 23171711 | AF26: {=_xll.BDS("GCA Comdty","FUT_CHAIN", "CHAIN_DATE",A26,"endrow=1")} -> GCF23 Comdty | AG26: {=_xll.BDH(AF26,"FUT_AGGTE_OPEN_INT",A26)} -> 453485 | AH26: =AG26*$AG$17 -> 45348500 | AI26: =AE26/AH26 -> 0.51096973 | AK26: {=_xll.BDH("COMXSILV Comdty","PX_Last", N26)} -> 300281.91 | AL26: {=_xll.BDS("SIA Comdty","FUT_CHAIN", "CHAIN_DATE",A26,"endrow=1")} -> SIF23 Comdty | AM26: {=_xll.BDH(AL26,"FUT_AGGTE_OPEN_INT",A26)} -> 131136 | AN26: =(AO26/AP26)/100 -> 457.97021 | AO26: =AK26*100000 -> 3.0028191e+10 | AP26: =(AM26*5000)/1000 -> 655680
A27: 44932 | B27: {=_xll.BADDPERIODS(A27, "PER=WD", "NUMBEROFPERIODS=2", "BUSDAYADJ=-2", "CDR=GQ", "CDR=P9")} -> 44936 | C27: {=_xll.BDH("XAU Curncy","PX_LAST",A27,A27)} -> 1865.69 | D27: {=_xll.BDP("GCG23 Comdty",$M$32)} -> 01/02/2023 | E27: =_xlfn.DAYS(D27,B27) -> 22 | F27: 0.0435 | G27: =C27*(E27/360)*F27 -> 4.9596259 | H27: 5 | I27: =H27-G27 -> 0.040374083 | J27: 4 | K27: 6 | L27: 8 | N27: 44932 | O27: {=_xll.BADDPERIODS(N27, "PER=WD", "NUMBEROFPERIODS=2", "BUSDAYADJ=-2", "CDR=GQ", "CDR=P9")} -> 44936 | P27: {=_xll.BDH("XAG Curncy","PX_LAST",N27,N27)} -> 23.8305 | Q27: {=_xll.BDP("SIH23 Comdty",$M$32)} -> 01/03/2023 | R27: =_xlfn.DAYS(Q27,O27) -> 50 | S27: 0.0425 | T27: =P27*(R27/360)*S27 -> 0.14066615 | U27: 0.1625 | V27: =100*(U27-T27) -> 2.1833854 | W27: 15 | X27: 20 | Y27: 25 | Z27: =100*T27 -> 14.066615 | AA27: =U27*100 -> 16.25 | AB27: =V27 -> 2.1833854 | AE27: {=_xll.BDH("COMXGOLD Comdty","PX_Last", N27)} -> 22990025 | AF27: {=_xll.BDS("GCA Comdty","FUT_CHAIN", "CHAIN_DATE",A27,"endrow=1")} -> GCF23 Comdty | AG27: {=_xll.BDH(AF27,"FUT_AGGTE_OPEN_INT",A27)} -> 463250 | AH27: =AG27*$AG$17 -> 46325000 | AI27: =AE27/AH27 -> 0.49627686 | AK27: {=_xll.BDH("COMXSILV Comdty","PX_Last", N27)} -> 300618.06 | AL27: {=_xll.BDS("SIA Comdty","FUT_CHAIN", "CHAIN_DATE",A27,"endrow=1")} -> SIF23 Comdty | AM27: {=_xll.BDH(AL27,"FUT_AGGTE_OPEN_INT",A27)} -> 132541 | AN27: =(AO27/AP27)/100 -> 453.62274 | AO27: =AK27*100000 -> 30061806000 | AP27: =(AM27*5000)/1000 -> 662705
A28: 44935 | B28: {=_xll.BADDPERIODS(A28, "PER=WD", "NUMBEROFPERIODS=2", "BUSDAYADJ=-2", "CDR=GQ", "CDR=P9")} -> 44937 | C28: {=_xll.BDH("XAU Curncy","PX_LAST",A28,A28)} -> 1871.81 | D28: {=_xll.BDP("GCG23 Comdty",$M$32)} -> 01/02/2023 | E28: =_xlfn.DAYS(D28,B28) -> 21 | F28: 0.044 | G28: =C28*(E28/360)*F28 -> 4.8043123 | H28: 4.75 | I28: =H28-G28 -> -0.054312333 | J28: 4 | K28: 6 | L28: 8 | N28: 44935 | O28: {=_xll.BADDPERIODS(N28, "PER=WD", "NUMBEROFPERIODS=2", "BUSDAYADJ=-2", "CDR=GQ", "CDR=P9")} -> 44937 | P28: {=_xll.BDH("XAG Curncy","PX_LAST",N28,N28)} -> 23.6506 | Q28: {=_xll.BDP("SIH23 Comdty",$M$32)} -> 01/03/2023 | R28: =_xlfn.DAYS(Q28,O28) -> 49 | S28: 0.0425 | T28: =P28*(R28/360)*S28 -> 0.13681215 | U28: 0.15 | V28: =100*(U28-T28) -> 1.3187849 | W28: 15 | X28: 20 | Y28: 25 | Z28: =100*T28 -> 13.681215 | AA28: =U28*100 -> 15 | AB28: =V28 -> 1.3187849 | AE28: {=_xll.BDH("COMXGOLD Comdty","PX_Last", N28)} -> 22880069 | AF28: {=_xll.BDS("GCA Comdty","FUT_CHAIN", "CHAIN_DATE",A28,"endrow=1")} -> GCF23 Comdty | AG28: {=_xll.BDH(AF28,"FUT_AGGTE_OPEN_INT",A28)} -> 476352 | AH28: =AG28*$AG$17 -> 47635200 | AI28: =AE28/AH28 -> 0.48031853 | AK28: {=_xll.BDH("COMXSILV Comdty","PX_Last", N28)} -> 299434.72 | AL28: {=_xll.BDS("SIA Comdty","FUT_CHAIN", "CHAIN_DATE",A28,"endrow=1")} -> SIF23 Comdty | AM28: {=_xll.BDH(AL28,"FUT_AGGTE_OPEN_INT",A28)} -> 132893 | AN28: =(AO28/AP28)/100 -> 450.64032 | AO28: =AK28*100000 -> 2.9943472e+10 | AP28: =(AM28*5000)/1000 -> 664465
A29: 44936 | B29: {=_xll.BADDPERIODS(A29, "PER=WD", "NUMBEROFPERIODS=2", "BUSDAYADJ=-2", "CDR=GQ", "CDR=P9")} -> 44938 | C29: {=_xll.BDH("XAU Curncy","PX_LAST",A29,A29)} -> 1877.03 | D29: {=_xll.BDP("GCG23 Comdty",$M$32)} -> 01/02/2023 | E29: =_xlfn.DAYS(D29,B29) -> 20 | F29: 0.044 | G29: =C29*(E29/360)*F29 -> 4.5882956 | H29: 4.3 | I29: =H29-G29 -> -0.28829556 | J29: 4 | K29: 6 | L29: 8 | N29: 44936 | O29: {=_xll.BADDPERIODS(N29, "PER=WD", "NUMBEROFPERIODS=2", "BUSDAYADJ=-2", "CDR=GQ", "CDR=P9")} -> 44938 | P29: {=_xll.BDH("XAG Curncy","PX_LAST",N29,N29)} -> 23.6032 | Q29: {=_xll.BDP("SIH23 Comdty",$M$32)} -> 01/03/2023 | R29: =_xlfn.DAYS(Q29,O29) -> 48 | S29: 0.0425 | T29: =P29*(R29/360)*S29 -> 0.13375147 | U29: 0.135 | V29: =100*(U29-T29) -> 0.12485333 | W29: 15 | X29: 20 | Y29: 25 | Z29: =100*T29 -> 13.375147 | AA29: =U29*100 -> 13.5 | AB29: =V29 -> 0.12485333 | AE29: {=_xll.BDH("COMXGOLD Comdty","PX_Last", N29)} -> 22996505 | AF29: {=_xll.BDS("GCA Comdty","FUT_CHAIN", "CHAIN_DATE",A29,"endrow=1")} -> GCF23 Comdty | AG29: {=_xll.BDH(AF29,"FUT_AGGTE_OPEN_INT",A29)} -> 481519 | AH29: =AG29*$AG$17 -> 48151900 | AI29: =AE29/AH29 -> 0.4775825 | AK29: {=_xll.BDH("COMXSILV Comdty","PX_Last", N29)} -> 298840.63 | AL29: {=_xll.BDS("SIA Comdty","FUT_CHAIN", "CHAIN_DATE",A29,"endrow=1")} -> SIF23 Comdty | AM29: {=_xll.BDH(AL29,"FUT_AGGTE_OPEN_INT",A29)} -> 129961 | AN29: =(AO29/AP29)/100 -> 459.89278 | AO29: =AK29*100000 -> 29884063000 | AP29: =(AM29*5000)/1000 -> 649805
A30: 44937 | B30: {=_xll.BADDPERIODS(A30, "PER=WD", "NUMBEROFPERIODS=2", "BUSDAYADJ=-2", "CDR=GQ", "CDR=P9")} -> 44939 | C30: {=_xll.BDH("XAU Curncy","PX_LAST",A30,A30)} -> 1875.69 | D30: {=_xll.BDP("GCG23 Comdty",$M$32)} -> 01/02/2023 | E30: =_xlfn.DAYS(D30,B30) -> 19 | F30: 0.044 | G30: =C30*(E30/360)*F30 -> 4.355769 | H30: 3.9 | I30: =H30-G30 -> -0.455769 | J30: 4 | K30: 6 | L30: 8 | N30: 44937 | O30: {=_xll.BADDPERIODS(N30, "PER=WD", "NUMBEROFPERIODS=2", "BUSDAYADJ=-2", "CDR=GQ", "CDR=P9")} -> 44939 | P30: {=_xll.BDH("XAG Curncy","PX_LAST",N30,N30)} -> 23.4157 | Q30: {=_xll.BDP("SIH23 Comdty",$M$32)} -> 01/03/2023 | R30: =_xlfn.DAYS(Q30,O30) -> 47 | S30: 0.0425 | T30: =P30*(R30/360)*S30 -> 0.12992461 | U30: 0.125 | V30: =100*(U30-T30) -> -0.49246132 | W30: 15 | X30: 20 | Y30: 25 | Z30: =100*T30 -> 12.992461 | AA30: =U30*100 -> 12.5 | AB30: =V30 -> -0.49246132 | AE30: {=_xll.BDH("COMXGOLD Comdty","PX_Last", N30)} -> 22996505 | AF30: {=_xll.BDS("GCA Comdty","FUT_CHAIN", "CHAIN_DATE",A30,"endrow=1")} -> GCF23 Comdty | AG30: {=_xll.BDH(AF30,"FUT_AGGTE_OPEN_INT",A30)} -> 484992 | AH30: =AG30*$AG$17 -> 48499200 | AI30: =AE30/AH30 -> 0.47416256 | AK30: {=_xll.BDH("COMXSILV Comdty","PX_Last", N30)} -> 298154.84 | AL30: {=_xll.BDS("SIA Comdty","FUT_CHAIN", "CHAIN_DATE",A30,"endrow=1")} -> SIF23 Comdty | AM30: {=_xll.BDH(AL30,"FUT_AGGTE_OPEN_INT",A30)} -> 129287 | AN30: =(AO30/AP30)/100 -> 461.22942 | AO30: =AK30*100000 -> 2.9815484e+10 | AP30: =(AM30*5000)/1000 -> 646435
A31: 44938 | B31: {=_xll.BADDPERIODS(A31, "PER=WD", "NUMBEROFPERIODS=2", "BUSDAYADJ=-2", "CDR=GQ", "CDR=P9")} -> 44943 | C31: {=_xll.BDH("XAU Curncy","PX_LAST",A31,A31)} -> 1897.09 | D31: {=_xll.BDP("GCG23 Comdty",$M$32)} -> 01/02/2023 | E31: =_xlfn.DAYS(D31,B31) -> 15 | F31: 0.044 | G31: =C31*(E31/360)*F31 -> 3.4779983 | H31: 3.05 | I31: =H31-G31 -> -0.42799833 | J31: 4 | K31: 6 | L31: 8 | M31: FUT_NOTICE_FIRST | N31: 44938 | O31: {=_xll.BADDPERIODS(N31, "PER=WD", "NUMBEROFPERIODS=2", "BUSDAYADJ=-2", "CDR=GQ", "CDR=P9")} -> 44943 | P31: {=_xll.BDH("XAG Curncy","PX_LAST",N31,N31)} -> 23.7777 | Q31: {=_xll.BDP("SIH23 Comdty",$M$32)} -> 01/03/2023 | R31: =_xlfn.DAYS(Q31,O31) -> 43 | S31: 0.0425 | T31: =P31*(R31/360)*S31 -> 0.12070485 | U31: 0.125 | V31: =100*(U31-T31) -> 0.42951479 | W31: 15 | X31: 20 | Y31: 25 | Z31: =100*T31 -> 12.070485 | AA31: =U31*100 -> 12.5 | AB31: =V31 -> 0.42951479 | AE31: {=_xll.BDH("COMXGOLD Comdty","PX_Last", N31)} -> 23000797 | AF31: {=_xll.BDS("GCA Comdty","FUT_CHAIN", "CHAIN_DATE",A31,"endrow=1")} -> GCF23 Comdty | AG31: {=_xll.BDH(AF31,"FUT_AGGTE_OPEN_INT",A31)} -> 486838 | AH31: =AG31*$AG$17 -> 48683800 | AI31: =AE31/AH31 -> 0.47245278 | AK31: {=_xll.BDH("COMXSILV Comdty","PX_Last", N31)} -> 296131.41 | AL31: {=_xll.BDS("SIA Comdty","FUT_CHAIN", "CHAIN_DATE",A31,"endrow=1")} -> SIF23 Comdty | AM31: {=_xll.BDH(AL31,"FUT_AGGTE_OPEN_INT",A31)} -> 129761 | AN31: =(AO31/AP31)/100 -> 456.42591 | AO31: =AK31*100000 -> 2.9613141e+10 | AP31: =(AM31*5000)/1000 -> 648805
A32: 44939 | B32: {=_xll.BADDPERIODS(A32, "PER=WD", "NUMBEROFPERIODS=2", "BUSDAYADJ=-2", "CDR=GQ", "CDR=P9")} -> 44944 | C32: {=_xll.BDH("XAU Curncy","PX_LAST",A32,A32)} -> 1920.23 | D32: {=_xll.BDP("GCG23 Comdty",$M$32)} -> 01/02/2023 | E32: =_xlfn.DAYS(D32,B32) -> 14 | F32: 0.044 | G32: =C32*(E32/360)*F32 -> 3.2857269 | H32: 3 | I32: =H32-G32 -> -0.28572689 | J32: 4 | K32: 6 | L32: 8 | M32: FUT_DLV_DT_FIRST | N32: 44939 | O32: {=_xll.BADDPERIODS(N32, "PER=WD", "NUMBEROFPERIODS=2", "BUSDAYADJ=-2", "CDR=GQ", "CDR=P9")} -> 44944 | P32: {=_xll.BDH("XAG Curncy","PX_LAST",N32,N32)} -> 24.2643 | Q32: {=_xll.BDP("SIH23 Comdty",$M$32)} -> 01/03/2023 | R32: =_xlfn.DAYS(Q32,O32) -> 42 | S32: 0.0425 | T32: =P32*(R32/360)*S32 -> 0.12031049 | U32: 0.1425 | V32: =100*(U32-T32) -> 2.2189512 | W32: 15 | X32: 20 | Y32: 25 | Z32: =100*T32 -> 12.031049 | AA32: =U32*100 -> 14.25 | AB32: =V32 -> 2.2189512 | AE32: {=_xll.BDH("COMXGOLD Comdty","PX_Last", N32)} -> 22781209 | AF32: {=_xll.BDS("GCA Comdty","FUT_CHAIN", "CHAIN_DATE",A32,"endrow=1")} -> GCF23 Comdty | AG32: {=_xll.BDH(AF32,"FUT_AGGTE_OPEN_INT",A32)} -> 499412 | AH32: =AG32*$AG$17 -> 49941200 | AI32: =AE32/AH32 -> 0.45616063 | AK32: {=_xll.BDH("COMXSILV Comdty","PX_Last", N32)} -> 295559.13 | AL32: {=_xll.BDS("SIA Comdty","FUT_CHAIN", "CHAIN_DATE",A32,"endrow=1")} -> SIF23 Comdty | AM32: {=_xll.BDH(AL32,"FUT_AGGTE_OPEN_INT",A32)} -> 131834 | AN32: =(AO32/AP32)/100 -> 448.38074 | AO32: =AK32*100000 -> 29555913000 | AP32: =(AM32*5000)/1000 -> 659170
A33: 44942 | B33: {=_xll.BADDPERIODS(A33, "PER=WD", "NUMBEROFPERIODS=2", "BUSDAYADJ=-2", "CDR=GQ", "CDR=P9")} -> 44944 | C33: {=_xll.BDH("XAU Curncy","PX_LAST",A33,A33)} -> 1916.02 | D33: {=_xll.BDP("GCG23 Comdty",$M$32)} -> 01/02/2023 | E33: =_xlfn.DAYS(D33,B33) -> 14 | F33: 0.044 | G33: =C33*(E33/360)*F33 -> 3.2785231 | H33: 2.9 | I33: =H33-G33 -> -0.37852311 | J33: 4 | K33: 6 | L33: 8 | N33: 44942 | O33: {=_xll.BADDPERIODS(N33, "PER=WD", "NUMBEROFPERIODS=2", "BUSDAYADJ=-2", "CDR=GQ", "CDR=P9")} -> 44944 | P33: {=_xll.BDH("XAG Curncy","PX_LAST",N33,N33)} -> 24.2545 | Q33: {=_xll.BDP("SIH23 Comdty",$M$32)} -> 01/03/2023 | R33: =_xlfn.DAYS(Q33,O33) -> 42 | S33: 0.0425 | T33: =P33*(R33/360)*S33 -> 0.1202619 | U33: 0.155 | V33: =100*(U33-T33) -> 3.4738104 | W33: 15 | X33: 20 | Y33: 25 | Z33: =100*T33 -> 12.02619 | AA33: =U33*100 -> 15.5 | AB33: =V33 -> 3.4738104 | AE33: {=_xll.BDH("COMXGOLD Comdty","PX_Last", N33)} -> #N/A N/A | AF33: {=_xll.BDS("GCA Comdty","FUT_CHAIN", "CHAIN_DATE",A33,"endrow=1")} -> GCF23 Comdty | AG33: {=_xll.BDH(AF33,"FUT_AGGTE_OPEN_INT",A33)} -> #N/A N/A | AH33: =AG33*$AG$17 -> #VALUE! | AI33: =AE33/AH33 -> #VALUE! | AK33: {=_xll.BDH("COMXSILV Comdty","PX_Last", N33)} -> #N/A N/A | AL33: {=_xll.BDS("SIA Comdty","FUT_CHAIN", "CHAIN_DATE",A33,"endrow=1")} -> SIF23 Comdty | AM33: {=_xll.BDH(AL33,"FUT_AGGTE_OPEN_INT",A33)} -> #N/A N/A | AN33: =(AO33/AP33)/100 -> #VALUE! | AO33: =AK33*100000 -> #VALUE! | AP33: =(AM33*5000)/1000 -> #VALUE!
A34: 44943 | B34: {=_xll.BADDPERIODS(A34, "PER=WD", "NUMBEROFPERIODS=2", "BUSDAYADJ=-2", "CDR=GQ", "CDR=P9")} -> 44945 | C34: {=_xll.BDH("XAU Curncy","PX_LAST",A34,A34)} -> 1908.69 | D34: {=_xll.BDP("GCG23 Comdty",$M$32)} -> 01/02/2023 | E34: =_xlfn.DAYS(D34,B34) -> 13 | F34: 0.044 | G34: =C34*(E34/360)*F34 -> 3.0326963 | H34: 2.6 | I34: =H34-G34 -> -0.43269633 | J34: 4 | K34: 6 | L34: 8 | N34: 44943 | O34: {=_xll.BADDPERIODS(N34, "PER=WD", "NUMBEROFPERIODS=2", "BUSDAYADJ=-2", "CDR=GQ", "CDR=P9")} -> 44945 | P34: {=_xll.BDH("XAG Curncy","PX_LAST",N34,N34)} -> 23.9286 | Q34: {=_xll.BDP("SIH23 Comdty",$M$32)} -> 01/03/2023 | R34: =_xlfn.DAYS(Q34,O34) -> 41 | S34: 0.0425 | T34: =P34*(R34/360)*S34 -> 0.11582107 | U34: 0.1425 | V34: =100*(U34-T34) -> 2.6678929 | W34: 15 | X34: 20 | Y34: 25 | Z34: =100*T34 -> 11.582107 | AA34: =U34*100 -> 14.25 | AB34: =V34 -> 2.6678929 | AE34: {=_xll.BDH("COMXGOLD Comdty","PX_Last", N34)} -> 22781209 | AF34: {=_xll.BDS("GCA Comdty","FUT_CHAIN", "CHAIN_DATE",A34,"endrow=1")} -> GCF23 Comdty | AG34: {=_xll.BDH(AF34,"FUT_AGGTE_OPEN_INT",A34)} -> 491818 | AH34: =AG34*$AG$17 -> 49181800 | AI34: =AE34/AH34 -> 0.46320405 | AK34: {=_xll.BDH("COMXSILV Comdty","PX_Last", N34)} -> 295343.03 | AL34: {=_xll.BDS("SIA Comdty","FUT_CHAIN", "CHAIN_DATE",A34,"endrow=1")} -> SIF23 Comdty | AM34: {=_xll.BDH(AL34,"FUT_AGGTE_OPEN_INT",A34)} -> 131862 | AN34: =(AO34/AP34)/100 -> 447.95776 | AO34: =AK34*100000 -> 2.9534303e+10 | AP34: =(AM34*5000)/1000 -> 659310
A35: 44944 | B35: {=_xll.BADDPERIODS(A35, "PER=WD", "NUMBEROFPERIODS=2", "BUSDAYADJ=-2", "CDR=GQ", "CDR=P9")} -> 44946 | C35: {=_xll.BDH("XAU Curncy","PX_LAST",A35,A35)} -> 1904.11 | D35: {=_xll.BDP("GCG23 Comdty",$M$32)} -> 01/02/2023 | E35: =_xlfn.DAYS(D35,B35) -> 12 | F35: 0.044 | G35: =C35*(E35/360)*F35 -> 2.7926947 | H35: 2 | I35: =H35-G35 -> -0.79269467 | J35: 4 | K35: 6 | L35: 8 | N35: 44944 | O35: {=_xll.BADDPERIODS(N35, "PER=WD", "NUMBEROFPERIODS=2", "BUSDAYADJ=-2", "CDR=GQ", "CDR=P9")} -> 44946 | P35: {=_xll.BDH("XAG Curncy","PX_LAST",N35,N35)} -> 23.4645 | Q35: {=_xll.BDP("SIH23 Comdty",$M$32)} -> 01/03/2023 | R35: =_xlfn.DAYS(Q35,O35) -> 40 | S35: 0.0425 | T35: =P35*(R35/360)*S35 -> 0.11080458 | U35: 0.14 | V35: =100*(U35-T35) -> 2.9195417 | W35: 15 | X35: 20 | Y35: 25 | Z35: =100*T35 -> 11.080458 | AA35: =U35*100 -> 14 | AB35: =V35 -> 2.9195417 | AE35: {=_xll.BDH("COMXGOLD Comdty","PX_Last", N35)} -> 22781209 | AF35: {=_xll.BDS("GCA Comdty","FUT_CHAIN", "CHAIN_DATE",A35,"endrow=1")} -> GCF23 Comdty | AG35: {=_xll.BDH(AF35,"FUT_AGGTE_OPEN_INT",A35)} -> 487132 | AH35: =AG35*$AG$17 -> 48713200 | AI35: =AE35/AH35 -> 0.46765988 | AK35: {=_xll.BDH("COMXSILV Comdty","PX_Last", N35)} -> 295292.22 | AL35: {=_xll.BDS("SIA Comdty","FUT_CHAIN", "CHAIN_DATE",A35,"endrow=1")} -> SIF23 Comdty | AM35: {=_xll.BDH(AL35,"FUT_AGGTE_OPEN_INT",A35)} -> 132920 | AN35: =(AO35/AP35)/100 -> 444.31571 | AO35: =AK35*100000 -> 2.9529222e+10 | AP35: =(AM35*5000)/1000 -> 664600
A36: 44945 | B36: {=_xll.BADDPERIODS(A36, "PER=WD", "NUMBEROFPERIODS=2", "BUSDAYADJ=-2", "CDR=GQ", "CDR=P9")} -> 44949 | C36: {=_xll.BDH("XAU Curncy","PX_LAST",A36,A36)} -> 1932.24 | D36: {=_xll.BDP("GCG23 Comdty",$M$32)} -> 01/02/2023 | E36: =_xlfn.DAYS(D36,B36) -> 9 | F36: 0.044 | G36: =C36*(E36/360)*F36 -> 2.125464 | H36: 1.3 | I36: =H36-G36 -> -0.825464 | J36: 4 | K36: 6 | L36: 8 | N36: 44945 | O36: {=_xll.BADDPERIODS(N36, "PER=WD", "NUMBEROFPERIODS=2", "BUSDAYADJ=-2", "CDR=GQ", "CDR=P9")} -> 44949 | P36: {=_xll.BDH("XAG Curncy","PX_LAST",N36,N36)} -> 23.8479 | Q36: {=_xll.BDP("SIH23 Comdty",$M$32)} -> 01/03/2023 | R36: =_xlfn.DAYS(Q36,O36) -> 37 | S36: 0.043 | T36: =P36*(R36/360)*S36 -> 0.10539447 | U36: 0.1225 | V36: =100*(U36-T36) -> 1.7105531 | W36: 15 | X36: 20 | Y36: 25 | Z36: =100*T36 -> 10.539447 | AA36: =U36*100 -> 12.25 | AB36: =V36 -> 1.7105531 | AE36: {=_xll.BDH("COMXGOLD Comdty","PX_Last", N36)} -> 22873418 | AF36: {=_xll.BDS("GCA Comdty","FUT_CHAIN", "CHAIN_DATE",A36,"endrow=1")} -> GCF23 Comdty | AG36: {=_xll.BDH(AF36,"FUT_AGGTE_OPEN_INT",A36)} -> 493286 | AH36: =AG36*$AG$17 -> 49328600 | AI36: =AE36/AH36 -> 0.46369486 | AK36: {=_xll.BDH("COMXSILV Comdty","PX_Last", N36)} -> 294538.59 | AL36: {=_xll.BDS("SIA Comdty","FUT_CHAIN", "CHAIN_DATE",A36,"endrow=1")} -> SIF23 Comdty | AM36: {=_xll.BDH(AL36,"FUT_AGGTE_OPEN_INT",A36)} -> 132641 | AN36: =(AO36/AP36)/100 -> 444.11395 | AO36: =AK36*100000 -> 2.9453859e+10 | AP36: =(AM36*5000)/1000 -> 663205
A37: 44946 | B37: {=_xll.BADDPERIODS(A37, "PER=WD", "NUMBEROFPERIODS=2", "BUSDAYADJ=-2", "CDR=GQ", "CDR=P9")} -> 44950 | C37: {=_xll.BDH("XAU Curncy","PX_LAST",A37,A37)} -> 1926.08 | D37: {=_xll.BDP("GCG23 Comdty",$M$32)} -> 01/02/2023 | E37: =_xlfn.DAYS(D37,B37) -> 8 | F37: 0.044 | G37: =C37*(E37/360)*F37 -> 1.8832782 | H37: 1.3 | I37: =H37-G37 -> -0.58327822 | J37: 4 | K37: 6 | L37: 8 | N37: 44946 | O37: {=_xll.BADDPERIODS(N37, "PER=WD", "NUMBEROFPERIODS=2", "BUSDAYADJ=-2", "CDR=GQ", "CDR=P9")} -> 44950 | P37: {=_xll.BDH("XAG Curncy","PX_LAST",N37,N37)} -> 23.933 | Q37: {=_xll.BDP("SIH23 Comdty",$M$32)} -> 01/03/2023 | R37: =_xlfn.DAYS(Q37,O37) -> 36 | S37: 0.043 | T37: =P37*(R37/360)*S37 -> 0.1029119 | U37: 0.12 | V37: =100*(U37-T37) -> 1.70881 | W37: 15 | X37: 20 | Y37: 25 | Z37: =100*T37 -> 10.29119 | AA37: =U37*100 -> 12 | AB37: =V37 -> 1.70881 | AE37: {=_xll.BDH("COMXGOLD Comdty","PX_Last", N37)} -> 22709480 | AF37: {=_xll.BDS("GCA Comdty","FUT_CHAIN", "CHAIN_DATE",A37,"endrow=1")} -> GCF23 Comdty | AG37: {=_xll.BDH(AF37,"FUT_AGGTE_OPEN_INT",A37)} -> 497500 | AH37: =AG37*$AG$17 -> 49750000 | AI37: =AE37/AH37 -> 0.45647196 | AK37: {=_xll.BDH("COMXSILV Comdty","PX_Last", N37)} -> 293748.81 | AL37: {=_xll.BDS("SIA Comdty","FUT_CHAIN", "CHAIN_DATE",A37,"endrow=1")} -> SIF23 Comdty | AM37: {=_xll.BDH(AL37,"FUT_AGGTE_OPEN_INT",A37)} -> 132414 | AN37: =(AO37/AP37)/100 -> 443.68241 | AO37: =AK37*100000 -> 29374881000 | AP37: =(AM37*5000)/1000 -> 662070
A38: 44949 | B38: {=_xll.BADDPERIODS(A38, "PER=WD", "NUMBEROFPERIODS=2", "BUSDAYADJ=-2", "CDR=GQ", "CDR=P9")} -> 44951 | C38: {=_xll.BDH("XAU Curncy","PX_LAST",A38,A38)} -> 1931.04 | D38: {=_xll.BDP("GCG23 Comdty",$M$32)} -> 01/02/2023 | E38: =_xlfn.DAYS(D38,B38) -> 7 | F38: 0.044 | G38: =C38*(E38/360)*F38 -> 1.652112 | H38: 1.3 | I38: =H38-G38 -> -0.352112 | J38: 4 | K38: 6 | L38: 8 | N38: 44949 | O38: {=_xll.BADDPERIODS(N38, "PER=WD", "NUMBEROFPERIODS=2", "BUSDAYADJ=-2", "CDR=GQ", "CDR=P9")} -> 44951 | P38: {=_xll.BDH("XAG Curncy","PX_LAST",N38,N38)} -> 23.458 | Q38: {=_xll.BDP("SIH23 Comdty",$M$32)} -> 01/03/2023 | R38: =_xlfn.DAYS(Q38,O38) -> 35 | S38: 0.044 | T38: =P38*(R38/360)*S38 -> 0.10034811 | U38: 0.115 | V38: =100*(U38-T38) -> 1.4651889 | W38: 15 | X38: 20 | Y38: 25 | Z38: =100*T38 -> 10.034811 | AA38: =U38*100 -> 11.5 | AB38: =V38 -> 1.4651889 | AE38: {=_xll.BDH("COMXGOLD Comdty","PX_Last", N38)} -> 22487606 | AF38: {=_xll.BDS("GCA Comdty","FUT_CHAIN", "CHAIN_DATE",A38,"endrow=1")} -> GCF23 Comdty | AG38: {=_xll.BDH(AF38,"FUT_AGGTE_OPEN_INT",A38)} -> 502492 | AH38: =AG38*$AG$17 -> 50249200 | AI38: =AE38/AH38 -> 0.44752167 | AK38: {=_xll.BDH("COMXSILV Comdty","PX_Last", N38)} -> 292740.47 | AL38: {=_xll.BDS("SIA Comdty","FUT_CHAIN", "CHAIN_DATE",A38,"endrow=1")} -> SIF23 Comdty | AM38: {=_xll.BDH(AL38,"FUT_AGGTE_OPEN_INT",A38)} -> 134669 | AN38: =(AO38/AP38)/100 -> 434.75554 | AO38: =AK38*100000 -> 2.9274047e+10 | AP38: =(AM38*5000)/1000 -> 673345
A39: 44950 | B39: {=_xll.BADDPERIODS(A39, "PER=WD", "NUMBEROFPERIODS=2", "BUSDAYADJ=-2", "CDR=GQ", "CDR=P9")} -> 44952 | C39: {=_xll.BDH("XAU Curncy","PX_LAST",A39,A39)} -> 1937.36 | D39: {=_xll.BDP("GCG23 Comdty",$M$32)} -> 01/02/2023 | E39: =_xlfn.DAYS(D39,B39) -> 6 | F39: 0.044 | G39: =C39*(E39/360)*F39 -> 1.4207307 | H39: 1 | I39: =H39-G39 -> -0.42073067 | J39: 4 | K39: 6 | L39: 8 | N39: 44950 | O39: {=_xll.BADDPERIODS(N39, "PER=WD", "NUMBEROFPERIODS=2", "BUSDAYADJ=-2", "CDR=GQ", "CDR=P9")} -> 44952 | P39: {=_xll.BDH("XAG Curncy","PX_LAST",N39,N39)} -> 23.676 | Q39: {=_xll.BDP("SIH23 Comdty",$M$32)} -> 01/03/2023 | R39: =_xlfn.DAYS(Q39,O39) -> 34 | S39: 0.043 | T39: =P39*(R39/360)*S39 -> 0.096150867 | U39: 0.1 | V39: =100*(U39-T39) -> 0.38491333 | W39: 15 | X39: 20 | Y39: 25 | Z39: =100*T39 -> 9.6150867 | AA39: =U39*100 -> 10 | AB39: =V39 -> 0.38491333 | AE39: {=_xll.BDH("COMXGOLD Comdty","PX_Last", N39)} -> 22326851 | AF39: {=_xll.BDS("GCA Comdty","FUT_CHAIN", "CHAIN_DATE",A39,"endrow=1")} -> GCF23 Comdty | AG39: {=_xll.BDH(AF39,"FUT_AGGTE_OPEN_INT",A39)} -> 499927 | AH39: =AG39*$AG$17 -> 49992700 | AI39: =AE39/AH39 -> 0.44660223 | AK39: {=_xll.BDH("COMXSILV Comdty","PX_Last", N39)} -> 292788.25 | AL39: {=_xll.BDS("SIA Comdty","FUT_CHAIN", "CHAIN_DATE",A39,"endrow=1")} -> SIF23 Comdty | AM39: {=_xll.BDH(AL39,"FUT_AGGTE_OPEN_INT",A39)} -> 134922 | AN39: =(AO39/AP39)/100 -> 434.01113 | AO39: =AK39*100000 -> 29278825000 | AP39: =(AM39*5000)/1000 -> 674610
A40: 44951 | B40: {=_xll.BADDPERIODS(A40, "PER=WD", "NUMBEROFPERIODS=2", "BUSDAYADJ=-2", "CDR=GQ", "CDR=P9")} -> 44953 | C40: {=_xll.BDH("XAU Curncy","PX_LAST",A40,A40)} -> 1946.11 | D40: {=_xll.BDP("GCG23 Comdty",$M$32)} -> 01/02/2023 | E40: =_xlfn.DAYS(D40,B40) -> 5 | F40: 0.044 | G40: =C40*(E40/360)*F40 -> 1.1892894 | H40: 0.7 | I40: =H40-G40 -> -0.48928944 | J40: 4 | K40: 6 | L40: 8 | N40: 44951 | O40: {=_xll.BADDPERIODS(N40, "PER=WD", "NUMBEROFPERIODS=2", "BUSDAYADJ=-2", "CDR=GQ", "CDR=P9")} -> 44953 | P40: {=_xll.BDH("XAG Curncy","PX_LAST",N40,N40)} -> 23.913 | Q40: {=_xll.BDP("SIH23 Comdty",$M$32)} -> 01/03/2023 | R40: =_xlfn.DAYS(Q40,O40) -> 33 | S40: 0.043 | T40: =P40*(R40/360)*S40 -> 0.094257075 | U40: 0.1 | V40: =100*(U40-T40) -> 0.5742925 | W40: 15 | X40: 20 | Y40: 25 | Z40: =100*T40 -> 9.4257075 | AA40: =U40*100 -> 10 | AB40: =V40 -> 0.5742925 | AE40: {=_xll.BDH("COMXGOLD Comdty","PX_Last", N40)} -> 22314859 | AF40: {=_xll.BDS("GCA Comdty","FUT_CHAIN", "CHAIN_DATE",A40,"endrow=1")} -> GCF23 Comdty | AG40: {=_xll.BDH(AF40,"FUT_AGGTE_OPEN_INT",A40)} -> 507068 | AH40: =AG40*$AG$17 -> 50706800 | AI40: =AE40/AH40 -> 0.44007626 | AK40: {=_xll.BDH("COMXSILV Comdty","PX_Last", N40)} -> 293182.91 | AL40: {=_xll.BDS("SIA Comdty","FUT_CHAIN", "CHAIN_DATE",A40,"endrow=1")} -> SIF23 Comdty | AM40: {=_xll.BDH(AL40,"FUT_AGGTE_OPEN_INT",A40)} -> 135090 | AN40: =(AO40/AP40)/100 -> 434.05568 | AO40: =AK40*100000 -> 2.9318291e+10 | AP40: =(AM40*5000)/1000 -> 675450
A41: 44952 | B41: {=_xll.BADDPERIODS(A41, "PER=WD", "NUMBEROFPERIODS=2", "BUSDAYADJ=-2", "CDR=GQ", "CDR=P9")} -> 44956 | C41: {=_xll.BDH("XAU Curncy","PX_LAST",A41,A41)} -> 1929.21 | D41: {=_xll.BDP("GCG23 Comdty",$M$32)} -> 01/02/2023 | E41: =_xlfn.DAYS(D41,B41) -> 2 | F41: 0.044 | G41: =C41*(E41/360)*F41 -> 0.47158467 | H41: 0.2 | I41: =H41-G41 -> -0.27158467 | J41: 4 | K41: 6 | L41: 8 | N41: 44952 | O41: {=_xll.BADDPERIODS(N41, "PER=WD", "NUMBEROFPERIODS=2", "BUSDAYADJ=-2", "CDR=GQ", "CDR=P9")} -> 44956 | P41: {=_xll.BDH("XAG Curncy","PX_LAST",N41,N41)} -> 23.9125 | Q41: {=_xll.BDP("SIH23 Comdty",$M$32)} -> 01/03/2023 | R41: =_xlfn.DAYS(Q41,O41) -> 30 | S41: 0.043 | T41: =P41*(R41/360)*S41 -> 0.085686458 | U41: 0.12 | V41: =100*(U41-T41) -> 3.4313542 | W41: 15 | X41: 20 | Y41: 25 | Z41: =100*T41 -> 8.5686458 | AA41: =U41*100 -> 12 | AB41: =V41 -> 3.4313542 | AE41: {=_xll.BDH("COMXGOLD Comdty","PX_Last", N41)} -> 22313251 | AF41: {=_xll.BDS("GCA Comdty","FUT_CHAIN", "CHAIN_DATE",A41,"endrow=1")} -> GCF23 Comdty | AG41: {=_xll.BDH(AF41,"FUT_AGGTE_OPEN_INT",A41)} -> 492098 | AH41: =AG41*$AG$17 -> 49209800 | AI41: =AE41/AH41 -> 0.45343105 | AK41: {=_xll.BDH("COMXSILV Comdty","PX_Last", N41)} -> 292767 | AL41: {=_xll.BDS("SIA Comdty","FUT_CHAIN", "CHAIN_DATE",A41,"endrow=1")} -> SIF23 Comdty | AM41: {=_xll.BDH(AL41,"FUT_AGGTE_OPEN_INT",A41)} -> 136370 | AN41: =(AO41/AP41)/100 -> 429.37156 | AO41: =AK41*100000 -> 29276700000 | AP41: =(AM41*5000)/1000 -> 681850
A42: 44953 | B42: {=_xll.BADDPERIODS(A42, "PER=WD", "NUMBEROFPERIODS=2", "BUSDAYADJ=-2", "CDR=GQ", "CDR=P9")} -> 44957 | C42: {=_xll.BDH("XAU Curncy","PX_LAST",A42,A42)} -> 1928.04 | D42: {=_xll.BDP("GCG23 Comdty",$M$32)} -> 01/02/2023 | E42: =_xlfn.DAYS(D42,B42) -> 1 | F42: 0.044 | G42: =C42*(E42/360)*F42 -> 0.23564933 | H42: 0 | I42: =H42-G42 -> -0.23564933 | J42: 4 | K42: 6 | L42: 8 | N42: 44953 | O42: {=_xll.BADDPERIODS(N42, "PER=WD", "NUMBEROFPERIODS=2", "BUSDAYADJ=-2", "CDR=GQ", "CDR=P9")} -> 44957 | P42: {=_xll.BDH("XAG Curncy","PX_LAST",N42,N42)} -> 23.604 | Q42: {=_xll.BDP("SIH23 Comdty",$M$32)} -> 01/03/2023 | R42: =_xlfn.DAYS(Q42,O42) -> 29 | S42: 0.043 | T42: =P42*(R42/360)*S42 -> 0.081761633 | U42: 0.1 | V42: =100*(U42-T42) -> 1.8238367 | W42: 15 | X42: 20 | Y42: 25 | Z42: =100*T42 -> 8.1761633 | AA42: =U42*100 -> 10 | AB42: =V42 -> 1.8238367 | AE42: {=_xll.BDH("COMXGOLD Comdty","PX_Last", N42)} -> 22313251 | AF42: {=_xll.BDS("GCA Comdty","FUT_CHAIN", "CHAIN_DATE",A42,"endrow=1")} -> GCF23 Comdty | AG42: {=_xll.BDH(AF42,"FUT_AGGTE_OPEN_INT",A42)} -> 479646 | AH42: =AG42*$AG$17 -> 47964600 | AI42: =AE42/AH42 -> 0.46520249 | AK42: {=_xll.BDH("COMXSILV Comdty","PX_Last", N42)} -> 292767 | AL42: {=_xll.BDS("SIA Comdty","FUT_CHAIN", "CHAIN_DATE",A42,"endrow=1")} -> SIF23 Comdty | AM42: {=_xll.BDH(AL42,"FUT_AGGTE_OPEN_INT",A42)} -> 136380 | AN42: =(AO42/AP42)/100 -> 429.34008 | AO42: =AK42*100000 -> 29276700000 | AP42: =(AM42*5000)/1000 -> 681900
A43: 44956 | B43: {=_xll.BADDPERIODS(A43, "PER=WD", "NUMBEROFPERIODS=2", "BUSDAYADJ=-2", "CDR=GQ", "CDR=P9")} -> 44958 | C43: {=_xll.BDH("XAU Curncy","PX_LAST",A43,A43)} -> 1923.17 | D43: {=_xll.BDP("GCJ23 Comdty",$M$32)} -> 03/04/2023 | E43: =_xlfn.DAYS(D43,B43) -> 61 | F43: 0.047 | G43: =C43*(E43/360)*F43 -> 15.315912 | H43: 15.7 | I43: =H43-G43 -> 0.38408781 | J43: 4 | K43: 6 | L43: 8 | N43: 44956 | O43: {=_xll.BADDPERIODS(N43, "PER=WD", "NUMBEROFPERIODS=2", "BUSDAYADJ=-2", "CDR=GQ", "CDR=P9")} -> 44958 | P43: {=_xll.BDH("XAG Curncy","PX_LAST",N43,N43)} -> 23.6005 | Q43: {=_xll.BDP("SIH23 Comdty",$M$32)} -> 01/03/2023 | R43: =_xlfn.DAYS(Q43,O43) -> 28 | S43: 0.043 | T43: =P43*(R43/360)*S43 -> 0.078930561 | U43: 0.085 | V43: =100*(U43-T43) -> 0.60694389 | W43: 15 | X43: 20 | Y43: 25 | Z43: =100*T43 -> 7.8930561 | AA43: =U43*100 -> 8.5 | AB43: =V43 -> 0.60694389 | AE43: {=_xll.BDH("COMXGOLD Comdty","PX_Last", N43)} -> 22234481 | AF43: {=_xll.BDS("GCA Comdty","FUT_CHAIN", "CHAIN_DATE",A43,"endrow=1")} -> GCG23 Comdty | AG43: {=_xll.BDH(AF43,"FUT_AGGTE_OPEN_INT",A43)} -> 472666 | AH43: =AG43*$AG$17 -> 47266600 | AI43: =AE43/AH43 -> 0.47040577 | AK43: {=_xll.BDH("COMXSILV Comdty","PX_Last", N43)} -> 292855.97 | AL43: {=_xll.BDS("SIA Comdty","FUT_CHAIN", "CHAIN_DATE",A43,"endrow=1")} -> SIG23 Comdty | AM43: {=_xll.BDH(AL43,"FUT_AGGTE_OPEN_INT",A43)} -> 136767 | AN43: =(AO43/AP43)/100 -> 428.25531 | AO43: =AK43*100000 -> 2.9285597e+10 | AP43: =(AM43*5000)/1000 -> 683835
A44: 44958 | B44: {=_xll.BADDPERIODS(A44, "PER=WD", "NUMBEROFPERIODS=2", "BUSDAYADJ=-2", "CDR=GQ", "CDR=P9")} -> 44960 | C44: {=_xll.BDH("XAU Curncy","PX_LAST",A44,A44)} -> 1950.52 | D44: {=_xll.BDP("GCJ23 Comdty",$M$32)} -> 03/04/2023 | E44: =_xlfn.DAYS(D44,B44) -> 59 | F44: 0.047 | G44: =C44*(E44/360)*F44 -> 15.024422 | H44: 15.45 | I44: =H44-G44 -> 0.42557789 | J44: 4 | K44: 6 | L44: 8 | N44: 44958 | O44: {=_xll.BADDPERIODS(N44, "PER=WD", "NUMBEROFPERIODS=2", "BUSDAYADJ=-2", "CDR=GQ", "CDR=P9")} -> 44960 | P44: {=_xll.BDH("XAG Curncy","PX_LAST",N44,N44)} -> 23.9835 | Q44: {=_xll.BDP("SIH23 Comdty",$M$32)} -> 01/03/2023 | R44: =_xlfn.DAYS(Q44,O44) -> 26 | S44: 0.043 | T44: =P44*(R44/360)*S44 -> 0.074482092 | U44: 0.0925 | V44: =100*(U44-T44) -> 1.8017908 | W44: 15 | X44: 20 | Y44: 25 | Z44: =100*T44 -> 7.4482092 | AA44: =U44*100 -> 9.25 | AB44: =V44 -> 1.8017908 | AE44: {=_xll.BDH("COMXGOLD Comdty","PX_Last", N44)} -> 22221653 | AF44: {=_xll.BDS("GCA Comdty","FUT_CHAIN", "CHAIN_DATE",A44,"endrow=1")} -> GCG23 Comdty | AG44: {=_xll.BDH(AF44,"FUT_AGGTE_OPEN_INT",A44)} -> 478425 | AH44: =AG44*$AG$17 -> 47842500 | AI44: =AE44/AH44 -> 0.46447516 | AK44: {=_xll.BDH("COMXSILV Comdty","PX_Last", N44)} -> 291558.31 | AL44: {=_xll.BDS("SIA Comdty","FUT_CHAIN", "CHAIN_DATE",A44,"endrow=1")} -> SIG23 Comdty | AM44: {=_xll.BDH(AL44,"FUT_AGGTE_OPEN_INT",A44)} -> 138987 | AN44: =(AO44/AP44)/100 -> 419.5476 | AO44: =AK44*100000 -> 29155831000 | AP44: =(AM44*5000)/1000 -> 694935
A45: 44959 | B45: {=_xll.BADDPERIODS(A45, "PER=WD", "NUMBEROFPERIODS=2", "BUSDAYADJ=-2", "CDR=GQ", "CDR=P9")} -> 44963 | C45: {=_xll.BDH("XAU Curncy","PX_LAST",A45,A45)} -> 1912.72 | D45: {=_xll.BDP("GCJ23 Comdty",$M$32)} -> 03/04/2023 | E45: =_xlfn.DAYS(D45,B45) -> 56 | F45: 0.047 | G45: =C45*(E45/360)*F45 -> 13.984108 | H45: 14.7 | I45: =H45-G45 -> 0.71589156 | J45: 4 | K45: 6 | L45: 8 | N45: 44959 | O45: {=_xll.BADDPERIODS(N45, "PER=WD", "NUMBEROFPERIODS=2", "BUSDAYADJ=-2", "CDR=GQ", "CDR=P9")} -> 44963 | P45: {=_xll.BDH("XAG Curncy","PX_LAST",N45,N45)} -> 23.4665 | Q45: {=_xll.BDP("SIH23 Comdty",$M$32)} -> 01/03/2023 | R45: =_xlfn.DAYS(Q45,O45) -> 23 | S45: 0.043 | T45: =P45*(R45/360)*S45 -> 0.06446769 | U45: 0.1 | V45: =100*(U45-T45) -> 3.553231 | W45: 15 | X45: 20 | Y45: 25 | Z45: =100*T45 -> 6.446769 | AA45: =U45*100 -> 10 | AB45: =V45 -> 3.553231 | AE45: {=_xll.BDH("COMXGOLD Comdty","PX_Last", N45)} -> 22218744 | AF45: {=_xll.BDS("GCA Comdty","FUT_CHAIN", "CHAIN_DATE",A45,"endrow=1")} -> GCG23 Comdty | AG45: {=_xll.BDH(AF45,"FUT_AGGTE_OPEN_INT",A45)} -> 468356 | AH45: =AG45*$AG$17 -> 46835600 | AI45: =AE45/AH45 -> 0.47439861 | AK45: {=_xll.BDH("COMXSILV Comdty","PX_Last", N45)} -> 291012.06 | AL45: {=_xll.BDS("SIA Comdty","FUT_CHAIN", "CHAIN_DATE",A45,"endrow=1")} -> SIG23 Comdty | AM45: {=_xll.BDH(AL45,"FUT_AGGTE_OPEN_INT",A45)} -> 141471 | AN45: =(AO45/AP45)/100 -> 411.40878 | AO45: =AK45*100000 -> 29101206000 | AP45: =(AM45*5000)/1000 -> 707355
A46: 44960 | B46: {=_xll.BADDPERIODS(A46, "PER=WD", "NUMBEROFPERIODS=2", "BUSDAYADJ=-2", "CDR=GQ", "CDR=P9")} -> 44964 | C46: {=_xll.BDH("XAU Curncy","PX_LAST",A46,A46)} -> 1864.97 | D46: {=_xll.BDP("GCJ23 Comdty",$M$32)} -> 03/04/2023 | E46: =_xlfn.DAYS(D46,B46) -> 55 | F46: 0.0468 | G46: =C46*(E46/360)*F46 -> 13.334536 | H46: 13.45 | I46: =H46-G46 -> 0.1154645 | J46: 4 | K46: 6 | L46: 8 | N46: 44960 | O46: {=_xll.BADDPERIODS(N46, "PER=WD", "NUMBEROFPERIODS=2", "BUSDAYADJ=-2", "CDR=GQ", "CDR=P9")} -> 44964 | P46: {=_xll.BDH("XAG Curncy","PX_LAST",N46,N46)} -> 22.353 | Q46: {=_xll.BDP("SIH23 Comdty",$M$32)} -> 01/03/2023 | R46: =_xlfn.DAYS(Q46,O46) -> 22 | S46: 0.043 | T46: =P46*(R46/360)*S46 -> 0.058738717 | U46: 0.05 | V46: =100*(U46-T46) -> -0.87387167 | W46: 15 | X46: 20 | Y46: 25 | Z46: =100*T46 -> 5.8738717 | AA46: =U46*100 -> 5 | AB46: =V46 -> -0.87387167 | AE46: {=_xll.BDH("COMXGOLD Comdty","PX_Last", N46)} -> 22217233 | AF46: {=_xll.BDS("GCA Comdty","FUT_CHAIN", "CHAIN_DATE",A46,"endrow=1")} -> GCG23 Comdty | AG46: {=_xll.BDH(AF46,"FUT_AGGTE_OPEN_INT",A46)} -> 449090 | AH46: =AG46*$AG$17 -> 44909000 | AI46: =AE46/AH46 -> 0.49471671 | AK46: {=_xll.BDH("COMXSILV Comdty","PX_Last", N46)} -> 292926.88 | AL46: {=_xll.BDS("SIA Comdty","FUT_CHAIN", "CHAIN_DATE",A46,"endrow=1")} -> SIG23 Comdty | AM46: {=_xll.BDH(AL46,"FUT_AGGTE_OPEN_INT",A46)} -> 139779 | AN46: =(AO46/AP46)/100 -> 419.1286 | AO46: =AK46*100000 -> 29292688000 | AP46: =(AM46*5000)/1000 -> 698895
A47: 44963 | B47: {=_xll.BADDPERIODS(A47, "PER=WD", "NUMBEROFPERIODS=2", "BUSDAYADJ=-2", "CDR=GQ", "CDR=P9")} -> 44965 | C47: {=_xll.BDH("XAU Curncy","PX_LAST",A47,A47)} -> 1867.48 | D47: {=_xll.BDP("GCJ23 Comdty",$M$32)} -> 03/04/2023 | E47: =_xlfn.DAYS(D47,B47) -> 54 | F47: 0.0468 | G47: =C47*(E47/360)*F47 -> 13.10971 | H47: 12.5 | I47: =H47-G47 -> -0.6097096 | J47: 4 | K47: 6 | L47: 8 | N47: 44963 | O47: {=_xll.BADDPERIODS(N47, "PER=WD", "NUMBEROFPERIODS=2", "BUSDAYADJ=-2", "CDR=GQ", "CDR=P9")} -> 44965 | P47: {=_xll.BDH("XAG Curncy","PX_LAST",N47,N47)} -> 22.27 | Q47: {=_xll.BDP("SIH23 Comdty",$M$32)} -> 01/03/2023 | R47: =_xlfn.DAYS(Q47,O47) -> 21 | S47: 0.043 | T47: =P47*(R47/360)*S47 -> 0.055860583 | U47: 0.03 | V47: =100*(U47-T47) -> -2.5860583 | W47: 15 | X47: 20 | Y47: 25 | Z47: =100*T47 -> 5.5860583 | AA47: =U47*100 -> 3 | AB47: =V47 -> -2.5860583 | AE47: {=_xll.BDH("COMXGOLD Comdty","PX_Last", N47)} -> 22212024 | AF47: {=_xll.BDS("GCA Comdty","FUT_CHAIN", "CHAIN_DATE",A47,"endrow=1")} -> GCG23 Comdty | AG47: {=_xll.BDH(AF47,"FUT_AGGTE_OPEN_INT",A47)} -> 441312 | AH47: =AG47*$AG$17 -> 44131200 | AI47: =AE47/AH47 -> 0.50331793 | AK47: {=_xll.BDH("COMXSILV Comdty","PX_Last", N47)} -> 292780.06 | AL47: {=_xll.BDS("SIA Comdty","FUT_CHAIN", "CHAIN_DATE",A47,"endrow=1")} -> SIG23 Comdty | AM47: {=_xll.BDH(AL47,"FUT_AGGTE_OPEN_INT",A47)} -> 135663 | AN47: =(AO47/AP47)/100 -> 431.62846 | AO47: =AK47*100000 -> 29278006000 | AP47: =(AM47*5000)/1000 -> 678315
A48: 44964 | B48: {=_xll.BADDPERIODS(A48, "PER=WD", "NUMBEROFPERIODS=2", "BUSDAYADJ=-2", "CDR=GQ", "CDR=P9")} -> 44966 | C48: {=_xll.BDH("XAU Curncy","PX_LAST",A48,A48)} -> 1873.1 | D48: {=_xll.BDP("GCJ23 Comdty",$M$32)} -> 03/04/2023 | E48: =_xlfn.DAYS(D48,B48) -> 53 | F48: 0.0468 | G48: =C48*(E48/360)*F48 -> 12.905659 | H48: 12.6 | I48: =H48-G48 -> -0.305659 | J48: 4 | K48: 6 | L48: 8 | N48: 44964 | O48: {=_xll.BADDPERIODS(N48, "PER=WD", "NUMBEROFPERIODS=2", "BUSDAYADJ=-2", "CDR=GQ", "CDR=P9")} -> 44966 | P48: {=_xll.BDH("XAG Curncy","PX_LAST",N48,N48)} -> 22.1715 | Q48: {=_xll.BDP("SIH23 Comdty",$M$32)} -> 01/03/2023 | R48: =_xlfn.DAYS(Q48,O48) -> 20 | S48: 0.043 | T48: =P48*(R48/360)*S48 -> 0.05296525 | U48: 0.02 | V48: =100*(U48-T48) -> -3.296525 | W48: 15 | X48: 20 | Y48: 25 | Z48: =100*T48 -> 5.296525 | AA48: =U48*100 -> 2 | AB48: =V48 -> -3.296525 | AE48: {=_xll.BDH("COMXGOLD Comdty","PX_Last", N48)} -> 22118271 | AF48: {=_xll.BDS("GCA Comdty","FUT_CHAIN", "CHAIN_DATE",A48,"endrow=1")} -> GCG23 Comdty | AG48: {=_xll.BDH(AF48,"FUT_AGGTE_OPEN_INT",A48)} -> 439755 | AH48: =AG48*$AG$17 -> 43975500 | AI48: =AE48/AH48 -> 0.50296804 | AK48: {=_xll.BDH("COMXSILV Comdty","PX_Last", N48)} -> 291851.03 | AL48: {=_xll.BDS("SIA Comdty","FUT_CHAIN", "CHAIN_DATE",A48,"endrow=1")} -> SIG23 Comdty | AM48: {=_xll.BDH(AL48,"FUT_AGGTE_OPEN_INT",A48)} -> 133601 | AN48: =(AO48/AP48)/100 -> 436.89947 | AO48: =AK48*100000 -> 2.9185103e+10 | AP48: =(AM48*5000)/1000 -> 668005
A49: 44965 | B49: {=_xll.BADDPERIODS(A49, "PER=WD", "NUMBEROFPERIODS=2", "BUSDAYADJ=-2", "CDR=GQ", "CDR=P9")} -> 44967 | C49: {=_xll.BDH("XAU Curncy","PX_LAST",A49,A49)} -> 1875.49 | D49: {=_xll.BDP("GCJ23 Comdty",$M$32)} -> 03/04/2023 | E49: =_xlfn.DAYS(D49,B49) -> 52 | F49: 0.0468 | G49: =C49*(E49/360)*F49 -> 12.678312 | H49: 12.6 | I49: =H49-G49 -> -0.0783124 | J49: 4 | K49: 6 | L49: 8 | N49: 44965 | O49: {=_xll.BADDPERIODS(N49, "PER=WD", "NUMBEROFPERIODS=2", "BUSDAYADJ=-2", "CDR=GQ", "CDR=P9")} -> 44967 | P49: {=_xll.BDH("XAG Curncy","PX_LAST",N49,N49)} -> 22.319 | Q49: {=_xll.BDP("SIH23 Comdty",$M$32)} -> 01/03/2023 | R49: =_xlfn.DAYS(Q49,O49) -> 19 | S49: 0.043 | T49: =P49*(R49/360)*S49 -> 0.050651731 | U49: 0.02 | V49: =100*(U49-T49) -> -3.0651731 | W49: 15 | X49: 20 | Y49: 25 | Z49: =100*T49 -> 5.0651731 | AA49: =U49*100 -> 2 | AB49: =V49 -> -3.0651731 | AE49: {=_xll.BDH("COMXGOLD Comdty","PX_Last", N49)} -> 22199195 | AF49: {=_xll.BDS("GCA Comdty","FUT_CHAIN", "CHAIN_DATE",A49,"endrow=1")} -> GCG23 Comdty | AG49: {=_xll.BDH(AF49,"FUT_AGGTE_OPEN_INT",A49)} -> 438714 | AH49: =AG49*$AG$17 -> 43871400 | AI49: =AE49/AH49 -> 0.50600608 | AK49: {=_xll.BDH("COMXSILV Comdty","PX_Last", N49)} -> 291967.97 | AL49: {=_xll.BDS("SIA Comdty","FUT_CHAIN", "CHAIN_DATE",A49,"endrow=1")} -> SIG23 Comdty | AM49: {=_xll.BDH(AL49,"FUT_AGGTE_OPEN_INT",A49)} -> 132954 | AN49: =(AO49/AP49)/100 -> 439.20148 | AO49: =AK49*100000 -> 2.9196797e+10 | AP49: =(AM49*5000)/1000 -> 664770
A50: 44966 | B50: {=_xll.BADDPERIODS(A50, "PER=WD", "NUMBEROFPERIODS=2", "BUSDAYADJ=-2", "CDR=GQ", "CDR=P9")} -> 44970 | C50: {=_xll.BDH("XAU Curncy","PX_LAST",A50,A50)} -> 1861.78 | D50: {=_xll.BDP("GCJ23 Comdty",$M$32)} -> 03/04/2023 | E50: =_xlfn.DAYS(D50,B50) -> 49 | F50: 0.0468 | G50: =C50*(E50/360)*F50 -> 11.859539 | H50: 11.65 | I50: =H50-G50 -> -0.2095386 | J50: 4 | K50: 6 | L50: 8 | N50: 44966 | O50: {=_xll.BADDPERIODS(N50, "PER=WD", "NUMBEROFPERIODS=2", "BUSDAYADJ=-2", "CDR=GQ", "CDR=P9")} -> 44970 | P50: {=_xll.BDH("XAG Curncy","PX_LAST",N50,N50)} -> 21.9774 | Q50: {=_xll.BDP("SIH23 Comdty",$M$32)} -> 01/03/2023 | R50: =_xlfn.DAYS(Q50,O50) -> 16 | S50: 0.043 | T50: =P50*(R50/360)*S50 -> 0.042001253 | U50: 0.02 | V50: =100*(U50-T50) -> -2.2001253 | W50: 15 | X50: 20 | Y50: 25 | Z50: =100*T50 -> 4.2001253 | AA50: =U50*100 -> 2 | AB50: =V50 -> -2.2001253 | AE50: {=_xll.BDH("COMXGOLD Comdty","PX_Last", N50)} -> 22198649 | AF50: {=_xll.BDS("GCA Comdty","FUT_CHAIN", "CHAIN_DATE",A50,"endrow=1")} -> GCG23 Comdty | AG50: {=_xll.BDH(AF50,"FUT_AGGTE_OPEN_INT",A50)} -> 435993 | AH50: =AG50*$AG$17 -> 43599300 | AI50: =AE50/AH50 -> 0.50915149 | AK50: {=_xll.BDH("COMXSILV Comdty","PX_Last", N50)} -> 291573.81 | AL50: {=_xll.BDS("SIA Comdty","FUT_CHAIN", "CHAIN_DATE",A50,"endrow=1")} -> SIG23 Comdty | AM50: {=_xll.BDH(AL50,"FUT_AGGTE_OPEN_INT",A50)} -> 132960 | AN50: =(AO50/AP50)/100 -> 438.58876 | AO50: =AK50*100000 -> 29157381000 | AP50: =(AM50*5000)/1000 -> 664800
A51: 44967 | B51: {=_xll.BADDPERIODS(A51, "PER=WD", "NUMBEROFPERIODS=2", "BUSDAYADJ=-2", "CDR=GQ", "CDR=P9")} -> 44971 | C51: {=_xll.BDH("XAU Curncy","PX_LAST",A51,A51)} -> 1865.57 | D51: {=_xll.BDP("GCJ23 Comdty",$M$32)} -> 03/04/2023 | E51: =_xlfn.DAYS(D51,B51) -> 48 | F51: 0.0468 | G51: =C51*(E51/360)*F51 -> 11.641157 | H51: 11 | I51: =H51-G51 -> -0.6411568 | J51: 4 | K51: 6 | L51: 8 | N51: 44967 | O51: {=_xll.BADDPERIODS(N51, "PER=WD", "NUMBEROFPERIODS=2", "BUSDAYADJ=-2", "CDR=GQ", "CDR=P9")} -> 44971 | P51: {=_xll.BDH("XAG Curncy","PX_LAST",N51,N51)} -> 22.0037 | Q51: {=_xll.BDP("SIH23 Comdty",$M$32)} -> 01/03/2023 | R51: =_xlfn.DAYS(Q51,O51) -> 15 | S51: 0.043 | T51: =P51*(R51/360)*S51 -> 0.039423296 | U51: 0.005 | V51: =100*(U51-T51) -> -3.4423296 | W51: 15 | X51: 20 | Y51: 25 | Z51: =100*T51 -> 3.9423296 | AA51: =U51*100 -> 0.5 | AB51: =V51 -> -3.4423296 | AE51: {=_xll.BDH("COMXGOLD Comdty","PX_Last", N51)} -> 22198649 | AF51: {=_xll.BDS("GCA Comdty","FUT_CHAIN", "CHAIN_DATE",A51,"endrow=1")} -> GCG23 Comdty | AG51: {=_xll.BDH(AF51,"FUT_AGGTE_OPEN_INT",A51)} -> 430056 | AH51: =AG51*$AG$17 -> 43005600 | AI51: =AE51/AH51 -> 0.51618042 | AK51: {=_xll.BDH("COMXSILV Comdty","PX_Last", N51)} -> 291212.19 | AL51: {=_xll.BDS("SIA Comdty","FUT_CHAIN", "CHAIN_DATE",A51,"endrow=1")} -> SIG23 Comdty | AM51: {=_xll.BDH(AL51,"FUT_AGGTE_OPEN_INT",A51)} -> 131282 | AN51: =(AO51/AP51)/100 -> 443.64374 | AO51: =AK51*100000 -> 29121219000 | AP51: =(AM51*5000)/1000 -> 656410
A52: 44970 | B52: {=_xll.BADDPERIODS(A52, "PER=WD", "NUMBEROFPERIODS=2", "BUSDAYADJ=-2", "CDR=GQ", "CDR=P9")} -> 44972 | C52: {=_xll.BDH("XAU Curncy","PX_LAST",A52,A52)} -> 1853.49 | D52: {=_xll.BDP("GCJ23 Comdty",$M$32)} -> 03/04/2023 | E52: =_xlfn.DAYS(D52,B52) -> 47 | F52: 0.0468 | G52: =C52*(E52/360)*F52 -> 11.324824 | H52: 10.7 | I52: =H52-G52 -> -0.6248239 | J52: 4 | K52: 6 | L52: 8 | M52: x | N52: 44970 | O52: {=_xll.BADDPERIODS(N52, "PER=WD", "NUMBEROFPERIODS=2", "BUSDAYADJ=-2", "CDR=GQ", "CDR=P9")} -> 44972 | P52: {=_xll.BDH("XAG Curncy","PX_LAST",N52,N52)} -> 21.9925 | Q52: {=_xll.BDP("SIH23 Comdty",$M$32)} -> 01/03/2023 | R52: =_xlfn.DAYS(Q52,O52) -> 14 | S52: 0.043 | T52: =P52*(R52/360)*S52 -> 0.036776347 | U52: 0.005 | V52: =100*(U52-T52) -> -3.1776347 | W52: 15 | X52: 20 | Y52: 25 | Z52: =100*T52 -> 3.6776347 | AA52: =U52*100 -> 0.5 | AB52: =V52 -> -3.1776347 | AE52: {=_xll.BDH("COMXGOLD Comdty","PX_Last", N52)} -> 22102164 | AF52: {=_xll.BDS("GCA Comdty","FUT_CHAIN", "CHAIN_DATE",A52,"endrow=1")} -> GCG23 Comdty | AG52: {=_xll.BDH(AF52,"FUT_AGGTE_OPEN_INT",A52)} -> 427278 | AH52: =AG52*$AG$17 -> 42727800 | AI52: =AE52/AH52 -> 0.5172783 | AK52: {=_xll.BDH("COMXSILV Comdty","PX_Last", N52)} -> 291144.81 | AL52: {=_xll.BDS("SIA Comdty","FUT_CHAIN", "CHAIN_DATE",A52,"endrow=1")} -> SIG23 Comdty | AM52: {=_xll.BDH(AL52,"FUT_AGGTE_OPEN_INT",A52)} -> 133089 | AN52: =(AO52/AP52)/100 -> 437.51897 | AO52: =AK52*100000 -> 29114481000 | AP52: =(AM52*5000)/1000 -> 665445
A53: 44971 | B53: {=_xll.BADDPERIODS(A53, "PER=WD", "NUMBEROFPERIODS=2", "BUSDAYADJ=-2", "CDR=GQ", "CDR=P9")} -> 44973 | C53: {=_xll.BDH("XAU Curncy","PX_LAST",A53,A53)} -> 1854.31 | D53: {=_xll.BDP("GCJ23 Comdty",$M$32)} -> 03/04/2023 | E53: =_xlfn.DAYS(D53,B53) -> 46 | F53: 0.0464 | G53: =C53*(E53/360)*F53 -> 10.993998 | H53: 10.3 | I53: =H53-G53 -> -0.69399796 | J53: 4 | K53: 6 | L53: 8 | N53: 44971 | O53: {=_xll.BADDPERIODS(N53, "PER=WD", "NUMBEROFPERIODS=2", "BUSDAYADJ=-2", "CDR=GQ", "CDR=P9")} -> 44973 | P53: {=_xll.BDH("XAG Curncy","PX_LAST",N53,N53)} -> 21.8525 | Q53: {=_xll.BDP("SIH23 Comdty",$M$32)} -> 01/03/2023 | R53: =_xlfn.DAYS(Q53,O53) -> 13 | S53: 0.043 | T53: =P53*(R53/360)*S53 -> 0.033932076 | U53: -0.015 | V53: =100*(U53-T53) -> -4.8932076 | W53: 15 | X53: 20 | Y53: 25 | Z53: =100*T53 -> 3.3932076 | AA53: =U53*100 -> -1.5 | AB53: =V53 -> -4.8932076 | AE53: {=_xll.BDH("COMXGOLD Comdty","PX_Last", N53)} -> 22016035 | AF53: {=_xll.BDS("GCA Comdty","FUT_CHAIN", "CHAIN_DATE",A53,"endrow=1")} -> GCG23 Comdty | AG53: {=_xll.BDH(AF53,"FUT_AGGTE_OPEN_INT",A53)} -> 426116 | AH53: =AG53*$AG$17 -> 42611600 | AI53: =AE53/AH53 -> 0.51666764 | AK53: {=_xll.BDH("COMXSILV Comdty","PX_Last", N53)} -> 290143.03 | AL53: {=_xll.BDS("SIA Comdty","FUT_CHAIN", "CHAIN_DATE",A53,"endrow=1")} -> SIG23 Comdty | AM53: {=_xll.BDH(AL53,"FUT_AGGTE_OPEN_INT",A53)} -> 132132 | AN53: =(AO53/AP53)/100 -> 439.17148 | AO53: =AK53*100000 -> 2.9014303e+10 | AP53: =(AM53*5000)/1000 -> 660660
A54: 44972 | B54: {=_xll.BADDPERIODS(A54, "PER=WD", "NUMBEROFPERIODS=2", "BUSDAYADJ=-2", "CDR=GQ", "CDR=P9")} -> 44974 | C54: {=_xll.BDH("XAU Curncy","PX_LAST",A54,A54)} -> 1836.01 | D54: {=_xll.BDP("GCJ23 Comdty",$M$32)} -> 03/04/2023 | E54: =_xlfn.DAYS(D54,B54) -> 45 | F54: 0.0462 | G54: =C54*(E54/360)*F54 -> 10.602958 | H54: 10.2 | I54: =H54-G54 -> -0.40295775 | J54: 4 | K54: 6 | L54: 8 | N54: 44972 | O54: {=_xll.BADDPERIODS(N54, "PER=WD", "NUMBEROFPERIODS=2", "BUSDAYADJ=-2", "CDR=GQ", "CDR=P9")} -> 44974 | P54: {=_xll.BDH("XAG Curncy","PX_LAST",N54,N54)} -> 21.6264 | Q54: {=_xll.BDP("SIH23 Comdty",$M$32)} -> 01/03/2023 | R54: =_xlfn.DAYS(Q54,O54) -> 12 | S54: 0.043 | T54: =P54*(R54/360)*S54 -> 0.03099784 | U54: -0.015 | V54: =100*(U54-T54) -> -4.599784 | W54: 15 | X54: 20 | Y54: 25 | Z54: =100*T54 -> 3.099784 | AA54: =U54*100 -> -1.5 | AB54: =V54 -> -4.599784 | AE54: {=_xll.BDH("COMXGOLD Comdty","PX_Last", N54)} -> 21998644 | AF54: {=_xll.BDS("GCA Comdty","FUT_CHAIN", "CHAIN_DATE",A54,"endrow=1")} -> GCG23 Comdty | AG54: {=_xll.BDH(AF54,"FUT_AGGTE_OPEN_INT",A54)} -> 422963 | AH54: =AG54*$AG$17 -> 42296300 | AI54: =AE54/AH54 -> 0.520108 | AK54: {=_xll.BDH("COMXSILV Comdty","PX_Last", N54)} -> 288465.06 | AL54: {=_xll.BDS("SIA Comdty","FUT_CHAIN", "CHAIN_DATE",A54,"endrow=1")} -> SIG23 Comdty | AM54: {=_xll.BDH(AL54,"FUT_AGGTE_OPEN_INT",A54)} -> 130646 | AN54: =(AO54/AP54)/100 -> 441.598 | AO54: =AK54*100000 -> 28846506000 | AP54: =(AM54*5000)/1000 -> 653230
A55: 44973 | B55: {=_xll.BADDPERIODS(A55, "PER=WD", "NUMBEROFPERIODS=2", "BUSDAYADJ=-2", "CDR=GQ", "CDR=P9")} -> 44978 | C55: {=_xll.BDH("XAU Curncy","PX_LAST",A55,A55)} -> 1836.36 | D55: {=_xll.BDP("GCJ23 Comdty",$M$32)} -> 03/04/2023 | E55: =_xlfn.DAYS(D55,B55) -> 41 | F55: 0.046 | G55: =C55*(E55/360)*F55 -> 9.620486 | H55: 9.5 | I55: =H55-G55 -> -0.120486 | J55: 4 | K55: 6 | L55: 8 | N55: 44973 | O55: {=_xll.BADDPERIODS(N55, "PER=WD", "NUMBEROFPERIODS=2", "BUSDAYADJ=-2", "CDR=GQ", "CDR=P9")} -> 44978 | P55: {=_xll.BDH("XAG Curncy","PX_LAST",N55,N55)} -> 21.5785 | Q55: {=_xll.BDP("SIH23 Comdty",$M$32)} -> 01/03/2023 | R55: =_xlfn.DAYS(Q55,O55) -> 8 | S55: 0.043 | T55: =P55*(R55/360)*S55 -> 0.020619456 | U55: -0.015 | V55: =100*(U55-T55) -> -3.5619456 | W55: 15 | X55: 20 | Y55: 25 | Z55: =100*T55 -> 2.0619456 | AA55: =U55*100 -> -1.5 | AB55: =V55 -> -3.5619456 | AE55: {=_xll.BDH("COMXGOLD Comdty","PX_Last", N55)} -> 21824354 | AF55: {=_xll.BDS("GCA Comdty","FUT_CHAIN", "CHAIN_DATE",A55,"endrow=1")} -> GCG23 Comdty | AG55: {=_xll.BDH(AF55,"FUT_AGGTE_OPEN_INT",A55)} -> 422997 | AH55: =AG55*$AG$17 -> 42299700 | AI55: =AE55/AH55 -> 0.51594582 | AK55: {=_xll.BDH("COMXSILV Comdty","PX_Last", N55)} -> 288171.63 | AL55: {=_xll.BDS("SIA Comdty","FUT_CHAIN", "CHAIN_DATE",A55,"endrow=1")} -> SIG23 Comdty | AM55: {=_xll.BDH(AL55,"FUT_AGGTE_OPEN_INT",A55)} -> 127385 | AN55: =(AO55/AP55)/100 -> 452.44201 | AO55: =AK55*100000 -> 28817163000 | AP55: =(AM55*5000)/1000 -> 636925
A56: 44974 | B56: 44978 | C56: {=_xll.BDH("XAU Curncy","PX_LAST",A56,A56)} -> 1842.36 | D56: {=_xll.BDP("GCJ23 Comdty",$M$32)} -> 03/04/2023 | E56: =_xlfn.DAYS(D56,B56) -> 41 | F56: 0.046 | G56: =C56*(E56/360)*F56 -> 9.6519193 | H56: 9 | I56: =H56-G56 -> -0.65191933 | J56: 4 | K56: 6 | L56: 8 | N56: 44974 | O56: {=_xll.BADDPERIODS(N56, "PER=WD", "NUMBEROFPERIODS=2", "BUSDAYADJ=-2", "CDR=GQ", "CDR=P9")} -> 44979 | P56: {=_xll.BDH("XAG Curncy","PX_LAST",N56,N56)} -> 21.7302 | Q56: {=_xll.BDP("SIH23 Comdty",$M$32)} -> 01/03/2023 | R56: =_xlfn.DAYS(Q56,O56) -> 7 | S56: 0.045 | T56: =P56*(R56/360)*S56 -> 0.019013925 | U56: -0.015 | V56: =100*(U56-T56) -> -3.4013925 | W56: 15 | X56: 20 | Y56: 25 | Z56: =100*T56 -> 1.9013925 | AA56: =U56*100 -> -1.5 | AB56: =V56 -> -3.4013925 | AE56: {=_xll.BDH("COMXGOLD Comdty","PX_Last", N56)} -> 21743976 | AF56: {=_xll.BDS("GCA Comdty","FUT_CHAIN", "CHAIN_DATE",A56,"endrow=1")} -> GCG23 Comdty | AG56: {=_xll.BDH(AF56,"FUT_AGGTE_OPEN_INT",A56)} -> 423809 | AH56: =AG56*$AG$17 -> 42380900 | AI56: =AE56/AH56 -> 0.51306074 | AK56: {=_xll.BDH("COMXSILV Comdty","PX_Last", N56)} -> 288864.72 | AL56: {=_xll.BDS("SIA Comdty","FUT_CHAIN", "CHAIN_DATE",A56,"endrow=1")} -> SIG23 Comdty | AM56: {=_xll.BDH(AL56,"FUT_AGGTE_OPEN_INT",A56)} -> 127082 | AN56: =(AO56/AP56)/100 -> 454.61154 | AO56: =AK56*100000 -> 2.8886472e+10 | AP56: =(AM56*5000)/1000 -> 635410
A57: 44977 | B57: {=_xll.BADDPERIODS(A57, "PER=WD", "NUMBEROFPERIODS=2", "BUSDAYADJ=-2", "CDR=GQ", "CDR=P9")} -> 44979 | C57: {=_xll.BDH("XAU Curncy","PX_LAST",A57,A57)} -> 1841.38 | D57: {=_xll.BDP("GCJ23 Comdty",$M$32)} -> 03/04/2023 | E57: =_xlfn.DAYS(D57,B57) -> 40 | F57: 0.046 | G57: =C57*(E57/360)*F57 -> 9.4114978 | H57: 8.9 | I57: =H57-G57 -> -0.51149778 | J57: 4 | K57: 6 | L57: 8 | N57: 44977 | O57: {=_xll.BADDPERIODS(N57, "PER=WD", "NUMBEROFPERIODS=2", "BUSDAYADJ=-2", "CDR=GQ", "CDR=P9")} -> 44979 | P57: {=_xll.BDH("XAG Curncy","PX_LAST",N57,N57)} -> 21.8171 | Q57: {=_xll.BDP("SIH23 Comdty",$M$32)} -> 01/03/2023 | R57: =_xlfn.DAYS(Q57,O57) -> 7 | S57: 0.045 | T57: =P57*(R57/360)*S57 -> 0.019089962 | U57: 0.01 | V57: =100*(U57-T57) -> -0.90899625 | W57: 15 | X57: 20 | Y57: 25 | Z57: =100*T57 -> 1.9089962 | AA57: =U57*100 -> 1 | AB57: =V57 -> -0.90899625 | AE57: {=_xll.BDH("COMXGOLD Comdty","PX_Last", N57)} -> #N/A N/A | AF57: {=_xll.BDS("GCA Comdty","FUT_CHAIN", "CHAIN_DATE",A57,"endrow=1")} -> GCG23 Comdty | AG57: {=_xll.BDH(AF57,"FUT_AGGTE_OPEN_INT",A57)} -> #N/A N/A | AH57: =AG57*$AG$17 -> #VALUE! | AI57: =AE57/AH57 -> #VALUE! | AK57: {=_xll.BDH("COMXSILV Comdty","PX_Last", N57)} -> #N/A N/A | AL57: {=_xll.BDS("SIA Comdty","FUT_CHAIN", "CHAIN_DATE",A57,"endrow=1")} -> SIG23 Comdty | AM57: {=_xll.BDH(AL57,"FUT_AGGTE_OPEN_INT",A57)} -> #N/A N/A | AN57: =(AO57/AP57)/100 -> #VALUE! | AO57: =AK57*100000 -> #VALUE! | AP57: =(AM57*5000)/1000 -> #VALUE!
A58: 44978 | B58: {=_xll.BADDPERIODS(A58, "PER=WD", "NUMBEROFPERIODS=2", "BUSDAYADJ=-2", "CDR=GQ", "CDR=P9")} -> 44980 | C58: {=_xll.BDH("XAU Curncy","PX_LAST",A58,A58)} -> 1835.09 | D58: {=_xll.BDP("GCJ23 Comdty",$M$32)} -> 03/04/2023 | E58: =_xlfn.DAYS(D58,B58) -> 39 | F58: 0.0463 | G58: =C58*(E58/360)*F58 -> 9.2045056 | H58: 9.1 | I58: =H58-G58 -> -0.10450559 | J58: 4 | K58: 6 | L58: 8 | N58: 44978 | O58: {=_xll.BADDPERIODS(N58, "PER=WD", "NUMBEROFPERIODS=2", "BUSDAYADJ=-2", "CDR=GQ", "CDR=P9")} -> 44980 | P58: {=_xll.BDH("XAG Curncy","PX_LAST",N58,N58)} -> 21.8335 | Q58: {=_xll.BDP("SIH23 Comdty",$M$32)} -> 01/03/2023 | R58: =_xlfn.DAYS(Q58,O58) -> 6 | S58: 0.045 | T58: =P58*(R58/360)*S58 -> 0.016375125 | U58: 0.015 | V58: =100*(U58-T58) -> -0.1375125 | W58: 15 | X58: 20 | Y58: 25 | Z58: =100*T58 -> 1.6375125 | AA58: =U58*100 -> 1.5 | AB58: =V58 -> -0.1375125 | AE58: {=_xll.BDH("COMXGOLD Comdty","PX_Last", N58)} -> 21731876 | AF58: {=_xll.BDS("GCA Comdty","FUT_CHAIN", "CHAIN_DATE",A58,"endrow=1")} -> GCG23 Comdty | AG58: {=_xll.BDH(AF58,"FUT_AGGTE_OPEN_INT",A58)} -> 422648 | AH58: =AG58*$AG$17 -> 42264800 | AI58: =AE58/AH58 -> 0.51418381 | AK58: {=_xll.BDH("COMXSILV Comdty","PX_Last", N58)} -> 288611.44 | AL58: {=_xll.BDS("SIA Comdty","FUT_CHAIN", "CHAIN_DATE",A58,"endrow=1")} -> SIG23 Comdty | AM58: {=_xll.BDH(AL58,"FUT_AGGTE_OPEN_INT",A58)} -> 123906 | AN58: =(AO58/AP58)/100 -> 465.85547 | AO58: =AK58*100000 -> 28861144000 | AP58: =(AM58*5000)/1000 -> 619530
A59: 44979 | B59: {=_xll.BADDPERIODS(A59, "PER=WD", "NUMBEROFPERIODS=2", "BUSDAYADJ=-2", "CDR=GQ", "CDR=P9")} -> 44981 | C59: {=_xll.BDH("XAU Curncy","PX_LAST",A59,A59)} -> 1825.39 | D59: {=_xll.BDP("GCJ23 Comdty",$M$32)} -> 03/04/2023 | E59: =_xlfn.DAYS(D59,B59) -> 38 | F59: 0.0464 | G59: =C59*(E59/360)*F59 -> 8.9403546 | H59: 8.8 | I59: =H59-G59 -> -0.14035458 | J59: 4 | K59: 6 | L59: 8 | N59: 44979 | O59: {=_xll.BADDPERIODS(N59, "PER=WD", "NUMBEROFPERIODS=2", "BUSDAYADJ=-2", "CDR=GQ", "CDR=P9")} -> 44981 | P59: {=_xll.BDH("XAG Curncy","PX_LAST",N59,N59)} -> 21.5099 | Q59: {=_xll.BDP("SIH23 Comdty",$M$32)} -> 01/03/2023 | R59: =_xlfn.DAYS(Q59,O59) -> 5 | S59: 0.045 | T59: =P59*(R59/360)*S59 -> 0.013443687 | U59: 0.01 | V59: =100*(U59-T59) -> -0.34436875 | W59: 15 | X59: 20 | Y59: 25 | Z59: =100*T59 -> 1.3443687 | AA59: =U59*100 -> 1 | AB59: =V59 -> -0.34436875 | AE59: {=_xll.BDH("COMXGOLD Comdty","PX_Last", N59)} -> 21731876 | AF59: {=_xll.BDS("GCA Comdty","FUT_CHAIN", "CHAIN_DATE",A59,"endrow=1")} -> GCG23 Comdty | AG59: {=_xll.BDH(AF59,"FUT_AGGTE_OPEN_INT",A59)} -> 426016 | AH59: =AG59*$AG$17 -> 42601600 | AI59: =AE59/AH59 -> 0.51011877 | AK59: {=_xll.BDH("COMXSILV Comdty","PX_Last", N59)} -> 288458.13 | AL59: {=_xll.BDS("SIA Comdty","FUT_CHAIN", "CHAIN_DATE",A59,"endrow=1")} -> SIG23 Comdty | AM59: {=_xll.BDH(AL59,"FUT_AGGTE_OPEN_INT",A59)} -> 125294 | AN59: =(AO59/AP59)/100 -> 460.45003 | AO59: =AK59*100000 -> 28845813000 | AP59: =(AM59*5000)/1000 -> 626470
A60: 44980 | B60: {=_xll.BADDPERIODS(A60, "PER=WD", "NUMBEROFPERIODS=2", "BUSDAYADJ=-2", "CDR=GQ", "CDR=P9")} -> 44984 | C60: {=_xll.BDH("XAU Curncy","PX_LAST",A60,A60)} -> 1822.28 | D60: {=_xll.BDP("GCJ23 Comdty",$M$32)} -> 03/04/2023 | E60: =_xlfn.DAYS(D60,B60) -> 35 | F60: 0.0465 | G60: =C60*(E60/360)*F60 -> 8.2382242 | H60: 7.45 | I60: =H60-G60 -> -0.78822417 | J60: 4 | K60: 6 | L60: 8 | N60: 44980 | O60: {=_xll.BADDPERIODS(N60, "PER=WD", "NUMBEROFPERIODS=2", "BUSDAYADJ=-2", "CDR=GQ", "CDR=P9")} -> 44984 | P60: {=_xll.BDH("XAG Curncy","PX_LAST",N60,N60)} -> 21.3085 | Q60: {=_xll.BDP("SIH23 Comdty",$M$32)} -> 01/03/2023 | R60: =_xlfn.DAYS(Q60,O60) -> 2 | S60: 0.045 | T60: =P60*(R60/360)*S60 -> 0.005327125 | U60: -0.005 | V60: =100*(U60-T60) -> -1.0327125 | W60: 15 | X60: 20 | Y60: 25 | Z60: =100*T60 -> 0.5327125 | AA60: =U60*100 -> -0.5 | AB60: =V60 -> -1.0327125 | AE60: {=_xll.BDH("COMXGOLD Comdty","PX_Last", N60)} -> 21702817 | AF60: {=_xll.BDS("GCA Comdty","FUT_CHAIN", "CHAIN_DATE",A60,"endrow=1")} -> GCG23 Comdty | AG60: {=_xll.BDH(AF60,"FUT_AGGTE_OPEN_INT",A60)} -> 424276 | AH60: =AG60*$AG$17 -> 42427600 | AI60: =AE60/AH60 -> 0.51152592 | AK60: {=_xll.BDH("COMXSILV Comdty","PX_Last", N60)} -> 287959.78 | AL60: {=_xll.BDS("SIA Comdty","FUT_CHAIN", "CHAIN_DATE",A60,"endrow=1")} -> SIG23 Comdty | AM60: {=_xll.BDH(AL60,"FUT_AGGTE_OPEN_INT",A60)} -> 124545 | AN60: =(AO60/AP60)/100 -> 462.41885 | AO60: =AK60*100000 -> 2.8795978e+10 | AP60: =(AM60*5000)/1000 -> 622725
A61: 44981 | B61: {=_xll.BADDPERIODS(A61, "PER=WD", "NUMBEROFPERIODS=2", "BUSDAYADJ=-2", "CDR=GQ", "CDR=P9")} -> 44985 | C61: {=_xll.BDH("XAU Curncy","PX_LAST",A61,A61)} -> 1811.04 | D61: {=_xll.BDP("GCJ23 Comdty",$M$32)} -> 03/04/2023 | E61: =_xlfn.DAYS(D61,B61) -> 34 | F61: 0.0465 | G61: =C61*(E61/360)*F61 -> 7.953484 | H61: 6.8 | I61: =H61-G61 -> -1.153484 | J61: 4 | K61: 6 | L61: 8 | N61: 44981 | O61: {=_xll.BADDPERIODS(N61, "PER=WD", "NUMBEROFPERIODS=2", "BUSDAYADJ=-2", "CDR=GQ", "CDR=P9")} -> 44985 | P61: {=_xll.BDH("XAG Curncy","PX_LAST",N61,N61)} -> 20.764 | Q61: {=_xll.BDP("SIH23 Comdty",$M$32)} -> 01/03/2023 | R61: =_xlfn.DAYS(Q61,O61) -> 1 | S61: 0.045 | T61: =P61*(R61/360)*S61 -> 0.0025955 | U61: 0.005 | V61: =100*(U61-T61) -> 0.24045 | W61: 15 | X61: 20 | Y61: 25 | Z61: =100*T61 -> 0.25955 | AA61: =U61*100 -> 0.5 | AB61: =V61 -> 0.24045 | AE61: {=_xll.BDH("COMXGOLD Comdty","PX_Last", N61)} -> 21661648 | AF61: {=_xll.BDS("GCA Comdty","FUT_CHAIN", "CHAIN_DATE",A61,"endrow=1")} -> GCG23 Comdty | AG61: {=_xll.BDH(AF61,"FUT_AGGTE_OPEN_INT",A61)} -> 425218 | AH61: =AG61*$AG$17 -> 42521800 | AI61: =AE61/AH61 -> 0.50942452 | AK61: {=_xll.BDH("COMXSILV Comdty","PX_Last", N61)} -> 288392.03 | AL61: {=_xll.BDS("SIA Comdty","FUT_CHAIN", "CHAIN_DATE",A61,"endrow=1")} -> SIG23 Comdty | AM61: {=_xll.BDH(AL61,"FUT_AGGTE_OPEN_INT",A61)} -> 125180 | AN61: =(AO61/AP61)/100 -> 460.76375 | AO61: =AK61*100000 -> 2.8839203e+10 | AP61: =(AM61*5000)/1000 -> 625900
A62: 44984 | B62: {=_xll.BADDPERIODS(A62, "PER=WD", "NUMBEROFPERIODS=2", "BUSDAYADJ=-2", "CDR=GQ", "CDR=P9")} -> 44986 | C62: {=_xll.BDH("XAU Curncy","PX_LAST",A62,A62)} -> 1817.14 | D62: {=_xll.BDP("GCJ23 Comdty",$M$32)} -> 03/04/2023 | E62: =_xlfn.DAYS(D62,B62) -> 33 | F62: 0.0469 | G62: =C62*(E62/360)*F62 -> 7.8121877 | H62: 6.9 | I62: =H62-G62 -> -0.91218772 | J62: 4 | K62: 6 | L62: 8 | N62: 44984 | O62: {=_xll.BADDPERIODS(N62, "PER=WD", "NUMBEROFPERIODS=2", "BUSDAYADJ=-2", "CDR=GQ", "CDR=P9")} -> 44986 | P62: {=_xll.BDH("XAG Curncy","PX_LAST",N62,N62)} -> 20.63 | Q62: {=_xll.BDP("SIk23 Comdty",$M$32)} -> 01/05/2023 | R62: =_xlfn.DAYS(Q62,O62) -> 61 | S62: 0.04 | T62: =P62*(R62/360)*S62 -> 0.13982556 | U62: 0.085 | V62: =100*(U62-T62) -> -5.4825556 | W62: 15 | X62: 20 | Y62: 25 | Z62: =100*T62 -> 13.982556 | AA62: =U62*100 -> 8.5 | AB62: =V62 -> -5.4825556 | AE62: {=_xll.BDH("COMXGOLD Comdty","PX_Last", N62)} -> 21653698 | AF62: {=_xll.BDS("GCA Comdty","FUT_CHAIN", "CHAIN_DATE",A62,"endrow=1")} -> GCH23 Comdty | AG62: {=_xll.BDH(AF62,"FUT_AGGTE_OPEN_INT",A62)} -> 423217 | AH62: =AG62*$AG$17 -> 42321700 | AI62: =AE62/AH62 -> 0.51164528 | AK62: {=_xll.BDH("COMXSILV Comdty","PX_Last", N62)} -> 288994.41 | AL62: {=_xll.BDS("SIA Comdty","FUT_CHAIN", "CHAIN_DATE",A62,"endrow=1")} -> SIH23 Comdty | AM62: {=_xll.BDH(AL62,"FUT_AGGTE_OPEN_INT",A62)} -> 124567 | AN62: =(AO62/AP62)/100 -> 463.99835 | AO62: =AK62*100000 -> 2.8899441e+10 | AP62: =(AM62*5000)/1000 -> 622835
A63: 44985 | B63: {=_xll.BADDPERIODS(A63, "PER=WD", "NUMBEROFPERIODS=2", "BUSDAYADJ=-2", "CDR=GQ", "CDR=P9")} -> 44987 | C63: {=_xll.BDH("XAU Curncy","PX_LAST",A63,A63)} -> 1826.92 | D63: {=_xll.BDP("GCJ23 Comdty",$M$32)} -> 03/04/2023 | E63: =_xlfn.DAYS(D63,B63) -> 32 | F63: 0.0469 | G63: =C63*(E63/360)*F63 -> 7.6162265 | H63: 7.1 | I63: =H63-G63 -> -0.51622649 | J63: 4 | K63: 6 | L63: 8 | N63: 44985 | O63: {=_xll.BADDPERIODS(N63, "PER=WD", "NUMBEROFPERIODS=2", "BUSDAYADJ=-2", "CDR=GQ", "CDR=P9")} -> 44987 | P63: {=_xll.BDH("XAG Curncy","PX_LAST",N63,N63)} -> 20.9114 | Q63: {=_xll.BDP("SIk23 Comdty",$M$32)} -> 01/05/2023 | R63: =_xlfn.DAYS(Q63,O63) -> 60 | S63: 0.04 | T63: =P63*(R63/360)*S63 -> 0.13940933 | U63: 0.085 | V63: =100*(U63-T63) -> -5.4409333 | W63: 15 | X63: 20 | Y63: 25 | Z63: =100*T63 -> 13.940933 | AA63: =U63*100 -> 8.5 | AB63: =V63 -> -5.4409333 | AE63: {=_xll.BDH("COMXGOLD Comdty","PX_Last", N63)} -> 21651866 | AF63: {=_xll.BDS("GCA Comdty","FUT_CHAIN", "CHAIN_DATE",A63,"endrow=1")} -> GCH23 Comdty | AG63: {=_xll.BDH(AF63,"FUT_AGGTE_OPEN_INT",A63)} -> 426890 | AH63: =AG63*$AG$17 -> 42689000 | AI63: =AE63/AH63 -> 0.50720011 | AK63: {=_xll.BDH("COMXSILV Comdty","PX_Last", N63)} -> 287247.06 | AL63: {=_xll.BDS("SIA Comdty","FUT_CHAIN", "CHAIN_DATE",A63,"endrow=1")} -> SIH23 Comdty | AM63: {=_xll.BDH(AL63,"FUT_AGGTE_OPEN_INT",A63)} -> 123900 | AN63: =(AO63/AP63)/100 -> 463.67564 | AO63: =AK63*100000 -> 28724706000 | AP63: =(AM63*5000)/1000 -> 619500
A64: 44986 | B64: {=_xll.BADDPERIODS(A64, "PER=WD", "NUMBEROFPERIODS=2", "BUSDAYADJ=-2", "CDR=GQ", "CDR=P9")} -> 44988 | C64: {=_xll.BDH("XAU Curncy","PX_LAST",A64,A64)} -> 1836.72 | D64: {=_xll.BDP("GCJ23 Comdty",$M$32)} -> 03/04/2023 | E64: =_xlfn.DAYS(D64,B64) -> 31 | F64: 0.047 | G64: =C64*(E64/360)*F64 -> 7.433614 | H64: 6.8 | I64: =H64-G64 -> -0.633614 | J64: 4 | K64: 6 | L64: 8 | N64: 44986 | O64: {=_xll.BADDPERIODS(N64, "PER=WD", "NUMBEROFPERIODS=2", "BUSDAYADJ=-2", "CDR=GQ", "CDR=P9")} -> 44988 | P64: {=_xll.BDH("XAG Curncy","PX_LAST",N64,N64)} -> 20.993 | Q64: {=_xll.BDP("SIk23 Comdty",$M$32)} -> 01/05/2023 | R64: =_xlfn.DAYS(Q64,O64) -> 59 | S64: 0.04 | T64: =P64*(R64/360)*S64 -> 0.13762078 | U64: 0.1 | V64: =100*(U64-T64) -> -3.7620778 | W64: 15 | X64: 20 | Y64: 25 | Z64: =100*T64 -> 13.762078 | AA64: =U64*100 -> 10 | AB64: =V64 -> -3.7620778 | AE64: {=_xll.BDH("COMXGOLD Comdty","PX_Last", N64)} -> 21651866 | AF64: {=_xll.BDS("GCA Comdty","FUT_CHAIN", "CHAIN_DATE",A64,"endrow=1")} -> GCH23 Comdty | AG64: {=_xll.BDH(AF64,"FUT_AGGTE_OPEN_INT",A64)} -> 431116 | AH64: =AG64*$AG$17 -> 43111600 | AI64: =AE64/AH64 -> 0.5022283 | AK64: {=_xll.BDH("COMXSILV Comdty","PX_Last", N64)} -> 287233.28 | AL64: {=_xll.BDS("SIA Comdty","FUT_CHAIN", "CHAIN_DATE",A64,"endrow=1")} -> SIH23 Comdty | AM64: {=_xll.BDH(AL64,"FUT_AGGTE_OPEN_INT",A64)} -> 123436 | AN64: =(AO64/AP64)/100 -> 465.39629 | AO64: =AK64*100000 -> 2.8723328e+10 | AP64: =(AM64*5000)/1000 -> 617180
A65: 44987 | B65: {=_xll.BADDPERIODS(A65, "PER=WD", "NUMBEROFPERIODS=2", "BUSDAYADJ=-2", "CDR=GQ", "CDR=P9")} -> 44991 | C65: {=_xll.BDH("XAU Curncy","PX_LAST",A65,A65)} -> 1835.87 | D65: {=_xll.BDP("GCJ23 Comdty",$M$32)} -> 03/04/2023 | E65: =_xlfn.DAYS(D65,B65) -> 28 | F65: 0.0472 | G65: =C65*(E65/360)*F65 -> 6.7396828 | H65: 6 | I65: =H65-G65 -> -0.73968276 | J65: 4 | K65: 6 | L65: 8 | N65: 44987 | O65: {=_xll.BADDPERIODS(N65, "PER=WD", "NUMBEROFPERIODS=2", "BUSDAYADJ=-2", "CDR=GQ", "CDR=P9")} -> 44991 | P65: {=_xll.BDH("XAG Curncy","PX_LAST",N65,N65)} -> 20.8975 | Q65: {=_xll.BDP("SIk23 Comdty",$M$32)} -> 01/05/2023 | R65: =_xlfn.DAYS(Q65,O65) -> 56 | S65: 0.036 | T65: =P65*(R65/360)*S65 -> 0.117026 | U65: 0.0875 | V65: =100*(U65-T65) -> -2.9526 | W65: 15 | X65: 20 | Y65: 25 | Z65: =100*T65 -> 11.7026 | AA65: =U65*100 -> 8.75 | AB65: =V65 -> -2.9526 | AE65: {=_xll.BDH("COMXGOLD Comdty","PX_Last", N65)} -> 21602835 | AF65: {=_xll.BDS("GCA Comdty","FUT_CHAIN", "CHAIN_DATE",A65,"endrow=1")} -> GCH23 Comdty | AG65: {=_xll.BDH(AF65,"FUT_AGGTE_OPEN_INT",A65)} -> 436462 | AH65: =AG65*$AG$17 -> 43646200 | AI65: =AE65/AH65 -> 0.4949534 | AK65: {=_xll.BDH("COMXSILV Comdty","PX_Last", N65)} -> 287547.16 | AL65: {=_xll.BDS("SIA Comdty","FUT_CHAIN", "CHAIN_DATE",A65,"endrow=1")} -> SIH23 Comdty | AM65: {=_xll.BDH(AL65,"FUT_AGGTE_OPEN_INT",A65)} -> 121299 | AN65: =(AO65/AP65)/100 -> 474.11299 | AO65: =AK65*100000 -> 2.8754716e+10 | AP65: =(AM65*5000)/1000 -> 606495
A66: 44988 | B66: {=_xll.BADDPERIODS(A66, "PER=WD", "NUMBEROFPERIODS=2", "BUSDAYADJ=-2", "CDR=GQ", "CDR=P9")} -> 44992 | C66: {=_xll.BDH("XAU Curncy","PX_LAST",A66,A66)} -> 1856.48 | D66: {=_xll.BDP("GCJ23 Comdty",$M$32)} -> 03/04/2023 | E66: =_xlfn.DAYS(D66,B66) -> 27 | F66: 0.0474 | G66: =C66*(E66/360)*F66 -> 6.5997864 | H66: 5.6 | I66: =H66-G66 -> -0.9997864 | J66: 4 | K66: 6 | L66: 8 | N66: 44988 | O66: {=_xll.BADDPERIODS(N66, "PER=WD", "NUMBEROFPERIODS=2", "BUSDAYADJ=-2", "CDR=GQ", "CDR=P9")} -> 44992 | P66: {=_xll.BDH("XAG Curncy","PX_LAST",N66,N66)} -> 21.2613 | Q66: {=_xll.BDP("SIk23 Comdty",$M$32)} -> 01/05/2023 | R66: =_xlfn.DAYS(Q66,O66) -> 55 | S66: 0.036 | T66: =P66*(R66/360)*S66 -> 0.11693715 | U66: 0.085 | V66: =100*(U66-T66) -> -3.193715 | W66: 15 | X66: 20 | Y66: 25 | Z66: =100*T66 -> 11.693715 | AA66: =U66*100 -> 8.5 | AB66: =V66 -> -3.193715 | AE66: {=_xll.BDH("COMXGOLD Comdty","PX_Last", N66)} -> 21630977 | AF66: {=_xll.BDS("GCA Comdty","FUT_CHAIN", "CHAIN_DATE",A66,"endrow=1")} -> GCH23 Comdty | AG66: {=_xll.BDH(AF66,"FUT_AGGTE_OPEN_INT",A66)} -> 437990 | AH66: =AG66*$AG$17 -> 43799000 | AI66: =AE66/AH66 -> 0.49386919 | AK66: {=_xll.BDH("COMXSILV Comdty","PX_Last", N66)} -> 286950.16 | AL66: {=_xll.BDS("SIA Comdty","FUT_CHAIN", "CHAIN_DATE",A66,"endrow=1")} -> SIH23 Comdty | AM66: {=_xll.BDH(AL66,"FUT_AGGTE_OPEN_INT",A66)} -> 122042 | AN66: =(AO66/AP66)/100 -> 470.24821 | AO66: =AK66*100000 -> 2.8695016e+10 | AP66: =(AM66*5000)/1000 -> 610210
A67: 44991 | B67: {=_xll.BADDPERIODS(A67, "PER=WD", "NUMBEROFPERIODS=2", "BUSDAYADJ=-2", "CDR=GQ", "CDR=P9")} -> 44993 | C67: {=_xll.BDH("XAU Curncy","PX_LAST",A67,A67)} -> 1846.86 | D67: {=_xll.BDP("GCJ23 Comdty",$M$32)} -> 03/04/2023 | E67: =_xlfn.DAYS(D67,B67) -> 26 | F67: 0.0474 | G67: =C67*(E67/360)*F67 -> 6.3224174 | H67: 5.6 | I67: =H67-G67 -> -0.7224174 | J67: 4 | K67: 6 | L67: 8 | N67: 44991 | O67: {=_xll.BADDPERIODS(N67, "PER=WD", "NUMBEROFPERIODS=2", "BUSDAYADJ=-2", "CDR=GQ", "CDR=P9")} -> 44993 | P67: {=_xll.BDH("XAG Curncy","PX_LAST",N67,N67)} -> 21.052 | Q67: {=_xll.BDP("SIk23 Comdty",$M$32)} -> 01/05/2023 | R67: =_xlfn.DAYS(Q67,O67) -> 54 | S67: 0.036 | T67: =P67*(R67/360)*S67 -> 0.1136808 | U67: 0.095 | V67: =100*(U67-T67) -> -1.86808 | W67: 15 | X67: 20 | Y67: 25 | Z67: =100*T67 -> 11.36808 | AA67: =U67*100 -> 9.5 | AB67: =V67 -> -1.86808 | AE67: {=_xll.BDH("COMXGOLD Comdty","PX_Last", N67)} -> 21630977 | AF67: {=_xll.BDS("GCA Comdty","FUT_CHAIN", "CHAIN_DATE",A67,"endrow=1")} -> GCH23 Comdty | AG67: {=_xll.BDH(AF67,"FUT_AGGTE_OPEN_INT",A67)} -> 441454 | AH67: =AG67*$AG$17 -> 44145400 | AI67: =AE67/AH67 -> 0.4899939 | AK67: {=_xll.BDH("COMXSILV Comdty","PX_Last", N67)} -> 286902.84 | AL67: {=_xll.BDS("SIA Comdty","FUT_CHAIN", "CHAIN_DATE",A67,"endrow=1")} -> SIH23 Comdty | AM67: {=_xll.BDH(AL67,"FUT_AGGTE_OPEN_INT",A67)} -> 122402 | AN67: =(AO67/AP67)/100 -> 468.78783 | AO67: =AK67*100000 -> 2.8690284e+10 | AP67: =(AM67*5000)/1000 -> 612010
A68: 44992 | B68: {=_xll.BADDPERIODS(A68, "PER=WD", "NUMBEROFPERIODS=2", "BUSDAYADJ=-2", "CDR=GQ", "CDR=P9")} -> 44994 | C68: {=_xll.BDH("XAU Curncy","PX_LAST",A68,A68)} -> 1813.45 | D68: {=_xll.BDP("GCJ23 Comdty",$M$32)} -> 03/04/2023 | E68: =_xlfn.DAYS(D68,B68) -> 25 | F68: 0.0476 | G68: =C68*(E68/360)*F68 -> 5.9944597 | H68: 5 | I68: =H68-G68 -> -0.99445972 | J68: 4 | K68: 6 | L68: 8 | N68: 44992 | O68: {=_xll.BADDPERIODS(N68, "PER=WD", "NUMBEROFPERIODS=2", "BUSDAYADJ=-2", "CDR=GQ", "CDR=P9")} -> 44994 | P68: {=_xll.BDH("XAG Curncy","PX_LAST",N68,N68)} -> 20.076 | Q68: {=_xll.BDP("SIk23 Comdty",$M$32)} -> 01/05/2023 | R68: =_xlfn.DAYS(Q68,O68) -> 53 | S68: 0.036 | T68: =P68*(R68/360)*S68 -> 0.1064028 | U68: 0.07 | V68: =100*(U68-T68) -> -3.64028 | W68: 15 | X68: 20 | Y68: 25 | Z68: =100*T68 -> 10.64028 | AA68: =U68*100 -> 7 | AB68: =V68 -> -3.64028 | AE68: {=_xll.BDH("COMXGOLD Comdty","PX_Last", N68)} -> 21534524 | AF68: {=_xll.BDS("GCA Comdty","FUT_CHAIN", "CHAIN_DATE",A68,"endrow=1")} -> GCH23 Comdty | AG68: {=_xll.BDH(AF68,"FUT_AGGTE_OPEN_INT",A68)} -> 458474 | AH68: =AG68*$AG$17 -> 45847400 | AI68: =AE68/AH68 -> 0.4697 | AK68: {=_xll.BDH("COMXSILV Comdty","PX_Last", N68)} -> 285730.78 | AL68: {=_xll.BDS("SIA Comdty","FUT_CHAIN", "CHAIN_DATE",A68,"endrow=1")} -> SIH23 Comdty | AM68: {=_xll.BDH(AL68,"FUT_AGGTE_OPEN_INT",A68)} -> 127503 | AN68: =(AO68/AP68)/100 -> 448.1946 | AO68: =AK68*100000 -> 2.8573078e+10 | AP68: =(AM68*5000)/1000 -> 637515
A69: 44993 | B69: {=_xll.BADDPERIODS(A69, "PER=WD", "NUMBEROFPERIODS=2", "BUSDAYADJ=-2", "CDR=GQ", "CDR=P9")} -> 44995 | C69: {=_xll.BDH("XAU Curncy","PX_LAST",A69,A69)} -> 1813.8 | D69: {=_xll.BDP("GCJ23 Comdty",$M$32)} -> 03/04/2023 | E69: =_xlfn.DAYS(D69,B69) -> 24 | F69: 0.0478 | G69: =C69*(E69/360)*F69 -> 5.779976 | H69: 4.3 | I69: =H69-G69 -> -1.479976 | J69: 4 | K69: 6 | L69: 8 | N69: 44993 | O69: {=_xll.BADDPERIODS(N69, "PER=WD", "NUMBEROFPERIODS=2", "BUSDAYADJ=-2", "CDR=GQ", "CDR=P9")} -> 44995 | P69: {=_xll.BDH("XAG Curncy","PX_LAST",N69,N69)} -> 20.0257 | Q69: {=_xll.BDP("SIk23 Comdty",$M$32)} -> 01/05/2023 | R69: =_xlfn.DAYS(Q69,O69) -> 52 | S69: 0.036 | T69: =P69*(R69/360)*S69 -> 0.10413364 | U69: 0.065 | V69: =100*(U69-T69) -> -3.913364 | W69: 15 | X69: 20 | Y69: 25 | Z69: =100*T69 -> 10.413364 | AA69: =U69*100 -> 6.5 | AB69: =V69 -> -3.913364 | AE69: {=_xll.BDH("COMXGOLD Comdty","PX_Last", N69)} -> 21534556 | AF69: {=_xll.BDS("GCA Comdty","FUT_CHAIN", "CHAIN_DATE",A69,"endrow=1")} -> GCH23 Comdty | AG69: {=_xll.BDH(AF69,"FUT_AGGTE_OPEN_INT",A69)} -> 459423 | AH69: =AG69*$AG$17 -> 45942300 | AI69: =AE69/AH69 -> 0.46873047 | AK69: {=_xll.BDH("COMXSILV Comdty","PX_Last", N69)} -> 285712.16 | AL69: {=_xll.BDS("SIA Comdty","FUT_CHAIN", "CHAIN_DATE",A69,"endrow=1")} -> SIH23 Comdty | AM69: {=_xll.BDH(AL69,"FUT_AGGTE_OPEN_INT",A69)} -> 128469 | AN69: =(AO69/AP69)/100 -> 444.79549 | AO69: =AK69*100000 -> 2.8571216e+10 | AP69: =(AM69*5000)/1000 -> 642345
A70: 44994 | B70: {=_xll.BADDPERIODS(A70, "PER=WD", "NUMBEROFPERIODS=2", "BUSDAYADJ=-2", "CDR=GQ", "CDR=P9")} -> 44998 | C70: {=_xll.BDH("XAU Curncy","PX_LAST",A70,A70)} -> 1831.03 | D70: {=_xll.BDP("GCJ23 Comdty",$M$32)} -> 03/04/2023 | E70: =_xlfn.DAYS(D70,B70) -> 21 | F70: 0.0485 | G70: =C70*(E70/360)*F70 -> 5.180289 | H70: 3.75 | I70: =H70-G70 -> -1.430289 | J70: 4 | K70: 6 | L70: 8 | N70: 44994 | O70: {=_xll.BADDPERIODS(N70, "PER=WD", "NUMBEROFPERIODS=2", "BUSDAYADJ=-2", "CDR=GQ", "CDR=P9")} -> 44998 | P70: {=_xll.BDH("XAG Curncy","PX_LAST",N70,N70)} -> 20.073 | Q70: {=_xll.BDP("SIk23 Comdty",$M$32)} -> 01/05/2023 | R70: =_xlfn.DAYS(Q70,O70) -> 49 | S70: 0.038 | T70: =P70*(R70/360)*S70 -> 0.10382202 | U70: 0.055 | V70: =100*(U70-T70) -> -4.8822017 | W70: 15 | X70: 20 | Y70: 25 | Z70: =100*T70 -> 10.382202 | AA70: =U70*100 -> 5.5 | AB70: =V70 -> -4.8822017 | AE70: {=_xll.BDH("COMXGOLD Comdty","PX_Last", N70)} -> 21534556 | AF70: {=_xll.BDS("GCA Comdty","FUT_CHAIN", "CHAIN_DATE",A70,"endrow=1")} -> GCH23 Comdty | AG70: {=_xll.BDH(AF70,"FUT_AGGTE_OPEN_INT",A70)} -> 454259 | AH70: =AG70*$AG$17 -> 45425900 | AI70: =AE70/AH70 -> 0.47405898 | AK70: {=_xll.BDH("COMXSILV Comdty","PX_Last", N70)} -> 285696.38 | AL70: {=_xll.BDS("SIA Comdty","FUT_CHAIN", "CHAIN_DATE",A70,"endrow=1")} -> SIH23 Comdty | AM70: {=_xll.BDH(AL70,"FUT_AGGTE_OPEN_INT",A70)} -> 128413 | AN70: =(AO70/AP70)/100 -> 444.96489 | AO70: =AK70*100000 -> 28569638000 | AP70: =(AM70*5000)/1000 -> 642065
A71: 44995 | B71: {=_xll.BADDPERIODS(A71, "PER=WD", "NUMBEROFPERIODS=2", "BUSDAYADJ=-2", "CDR=GQ", "CDR=P9")} -> 44999 | C71: {=_xll.BDH("XAU Curncy","PX_LAST",A71,A71)} -> 1868.26 | D71: {=_xll.BDP("GCJ23 Comdty",$M$32)} -> 03/04/2023 | E71: =_xlfn.DAYS(D71,B71) -> 20 | F71: 0.0478 | G71: =C71*(E71/360)*F71 -> 4.9612682 | H71: 4 | I71: =H71-G71 -> -0.96126822 | J71: 4 | K71: 6 | L71: 8 | N71: 44995 | O71: {=_xll.BADDPERIODS(N71, "PER=WD", "NUMBEROFPERIODS=2", "BUSDAYADJ=-2", "CDR=GQ", "CDR=P9")} -> 44999 | P71: {=_xll.BDH("XAG Curncy","PX_LAST",N71,N71)} -> 20.5395 | Q71: {=_xll.BDP("SIk23 Comdty",$M$32)} -> 01/05/2023 | R71: =_xlfn.DAYS(Q71,O71) -> 48 | S71: 0.038 | T71: =P71*(R71/360)*S71 -> 0.1040668 | U71: 0.065 | V71: =100*(U71-T71) -> -3.90668 | W71: 15 | X71: 20 | Y71: 25 | Z71: =100*T71 -> 10.40668 | AA71: =U71*100 -> 6.5 | AB71: =V71 -> -3.90668 | AE71: {=_xll.BDH("COMXGOLD Comdty","PX_Last", N71)} -> 21498645 | AF71: {=_xll.BDS("GCA Comdty","FUT_CHAIN", "CHAIN_DATE",A71,"endrow=1")} -> GCH23 Comdty | AG71: {=_xll.BDH(AF71,"FUT_AGGTE_OPEN_INT",A71)} -> 469260 | AH71: =AG71*$AG$17 -> 46926000 | AI71: =AE71/AH71 -> 0.45813931 | AK71: {=_xll.BDH("COMXSILV Comdty","PX_Last", N71)} -> 285282.91 | AL71: {=_xll.BDS("SIA Comdty","FUT_CHAIN", "CHAIN_DATE",A71,"endrow=1")} -> SIH23 Comdty | AM71: {=_xll.BDH(AL71,"FUT_AGGTE_OPEN_INT",A71)} -> 128972 | AN71: =(AO71/AP71)/100 -> 442.39511 | AO71: =AK71*100000 -> 2.8528291e+10 | AP71: =(AM71*5000)/1000 -> 644860
A72: 44998 | B72: {=_xll.BADDPERIODS(A72, "PER=WD", "NUMBEROFPERIODS=2", "BUSDAYADJ=-2", "CDR=GQ", "CDR=P9")} -> 45000 | C72: {=_xll.BDH("XAU Curncy","PX_LAST",A72,A72)} -> 1913.7 | D72: {=_xll.BDP("GCJ23 Comdty",$M$32)} -> 03/04/2023 | E72: =_xlfn.DAYS(D72,B72) -> 19 | F72: 0.0478 | G72: =C72*(E72/360)*F72 -> 4.8278398 | H72: 4.9 | I72: =H72-G72 -> 0.072160167 | J72: 4 | K72: 6 | L72: 8 | N72: 44998 | O72: {=_xll.BADDPERIODS(N72, "PER=WD", "NUMBEROFPERIODS=2", "BUSDAYADJ=-2", "CDR=GQ", "CDR=P9")} -> 45000 | P72: {=_xll.BDH("XAG Curncy","PX_LAST",N72,N72)} -> 21.8026 | Q72: {=_xll.BDP("SIk23 Comdty",$M$32)} -> 01/05/2023 | R72: =_xlfn.DAYS(Q72,O72) -> 47 | S72: 0.038 | T72: =P72*(R72/360)*S72 -> 0.10816512 | U72: 0.065 | V72: =100*(U72-T72) -> -4.3165121 | W72: 15 | X72: 20 | Y72: 25 | Z72: =100*T72 -> 10.816512 | AA72: =U72*100 -> 6.5 | AB72: =V72 -> -4.3165121 | AE72: {=_xll.BDH("COMXGOLD Comdty","PX_Last", N72)} -> 21498645 | AF72: {=_xll.BDS("GCA Comdty","FUT_CHAIN", "CHAIN_DATE",A72,"endrow=1")} -> GCH23 Comdty | AG72: {=_xll.BDH(AF72,"FUT_AGGTE_OPEN_INT",A72)} -> 468037 | AH72: =AG72*$AG$17 -> 46803700 | AI72: =AE72/AH72 -> 0.45933645 | AK72: {=_xll.BDH("COMXSILV Comdty","PX_Last", N72)} -> 285235.69 | AL72: {=_xll.BDS("SIA Comdty","FUT_CHAIN", "CHAIN_DATE",A72,"endrow=1")} -> SIH23 Comdty | AM72: {=_xll.BDH(AL72,"FUT_AGGTE_OPEN_INT",A72)} -> 123906 | AN72: =(AO72/AP72)/100 -> 460.40658 | AO72: =AK72*100000 -> 28523569000 | AP72: =(AM72*5000)/1000 -> 619530
A73: 44999 | B73: {=_xll.BADDPERIODS(A73, "PER=WD", "NUMBEROFPERIODS=2", "BUSDAYADJ=-2", "CDR=GQ", "CDR=P9")} -> 45001 | C73: {=_xll.BDH("XAU Curncy","PX_LAST",A73,A73)} -> 1904.01 | D73: {=_xll.BDP("GCJ23 Comdty",$M$32)} -> 03/04/2023 | E73: =_xlfn.DAYS(D73,B73) -> 18 | F73: 0.0478 | G73: =C73*(E73/360)*F73 -> 4.5505839 | H73: 4.2 | I73: =H73-G73 -> -0.3505839 | J73: 4 | K73: 6 | L73: 8 | N73: 44999 | O73: {=_xll.BADDPERIODS(N73, "PER=WD", "NUMBEROFPERIODS=2", "BUSDAYADJ=-2", "CDR=GQ", "CDR=P9")} -> 45001 | P73: {=_xll.BDH("XAG Curncy","PX_LAST",N73,N73)} -> 21.697 | Q73: {=_xll.BDP("SIk23 Comdty",$M$32)} -> 01/05/2023 | R73: =_xlfn.DAYS(Q73,O73) -> 46 | S73: 0.038 | T73: =P73*(R73/360)*S73 -> 0.10535099 | U73: 0.09 | V73: =100*(U73-T73) -> -1.5350989 | W73: 15 | X73: 20 | Y73: 25 | Z73: =100*T73 -> 10.535099 | AA73: =U73*100 -> 9 | AB73: =V73 -> -1.5350989 | AE73: {=_xll.BDH("COMXGOLD Comdty","PX_Last", N73)} -> 21498388 | AF73: {=_xll.BDS("GCA Comdty","FUT_CHAIN", "CHAIN_DATE",A73,"endrow=1")} -> GCH23 Comdty | AG73: {=_xll.BDH(AF73,"FUT_AGGTE_OPEN_INT",A73)} -> 459064 | AH73: =AG73*$AG$17 -> 45906400 | AI73: =AE73/AH73 -> 0.46830917 | AK73: {=_xll.BDH("COMXSILV Comdty","PX_Last", N73)} -> 285189.69 | AL73: {=_xll.BDS("SIA Comdty","FUT_CHAIN", "CHAIN_DATE",A73,"endrow=1")} -> SIH23 Comdty | AM73: {=_xll.BDH(AL73,"FUT_AGGTE_OPEN_INT",A73)} -> 121772 | AN73: =(AO73/AP73)/100 -> 468.39945 | AO73: =AK73*100000 -> 28518969000 | AP73: =(AM73*5000)/1000 -> 608860
... A84: 45014 | B84: {=_xll.BADDPERIODS(A84, "PER=WD", "NUMBEROFPERIODS=2", "BUSDAYADJ=-2", "CDR=GQ", "CDR=P9")} -> 45016 | C84: {=_xll.BDH("XAU Curncy","PX_LAST",A84,A84)} -> 1964.7 | D84: {=_xll.BDP("GCJ23 Comdty",$M$32)} -> 03/04/2023 | E84: =_xlfn.DAYS(D84,B84) -> 3 | F84: 0.05 | G84: =C84*(E84/360)*F84 -> 0.818625 | H84: 0.25 | I84: =H84-G84 -> -0.568625 | J84: 4 | K84: 6 | L84: 8 | N84: 45014 | O84: {=_xll.BADDPERIODS(N84, "PER=WD", "NUMBEROFPERIODS=2", "BUSDAYADJ=-2", "CDR=GQ", "CDR=P9")} -> 45016 | P84: {=_xll.BDH("XAG Curncy","PX_LAST",N84,N84)} -> 23.335 | Q84: {=_xll.BDP("SIk23 Comdty",$M$32)} -> 01/05/2023 | R84: =_xlfn.DAYS(Q84,O84) -> 31 | S84: 0.05 | T84: =P84*(R84/360)*S84 -> 0.10047014 | U84: 0.14 | V84: =100*(U84-T84) -> 3.9529861 | W84: 15 | X84: 20 | Y84: 25 | Z84: =100*T84 -> 10.047014 | AA84: =U84*100 -> 14 | AB84: =V84 -> 3.9529861 | AE84: {=_xll.BDH("COMXGOLD Comdty","PX_Last", N84)} -> 21293693 | AF84: {=_xll.BDS("GCA Comdty","FUT_CHAIN", "CHAIN_DATE",A84,"endrow=1")} -> GCH23 Comdty | AG84: {=_xll.BDH(AF84,"FUT_AGGTE_OPEN_INT",A84)} -> 473865 | AH84: =AG84*$AG$17 -> 47386500 | AI84: =AE84/AH84 -> 0.44936201 | AK84: {=_xll.BDH("COMXSILV Comdty","PX_Last", N84)} -> 279942.41 | AL84: {=_xll.BDS("SIA Comdty","FUT_CHAIN", "CHAIN_DATE",A84,"endrow=1")} -> SIH23 Comdty | AM84: {=_xll.BDH(AL84,"FUT_AGGTE_OPEN_INT",A84)} -> 118382 | AN84: =(AO84/AP84)/100 -> 472.94759 | AO84: =AK84*100000 -> 2.7994241e+10 | AP84: =(AM84*5000)/1000 -> 591910
A85: 45015 | B85: {=_xll.BADDPERIODS(A85, "PER=WD", "NUMBEROFPERIODS=2", "BUSDAYADJ=-2", "CDR=GQ", "CDR=P9")} -> 45019 | C85: {=_xll.BDH("XAU Curncy","PX_LAST",A85,A85)} -> 1980.37 | D85: {=_xll.BDP("GCM23 Comdty",$M$32)} -> 01/06/2023 | E85: =_xlfn.DAYS(D85,B85) -> 59 | F85: 0.0503 | G85: =C85*(E85/360)*F85 -> 16.3254 | H85: 17.1 | I85: =H85-G85 -> 0.77459986 | J85: 4 | K85: 6 | L85: 8 | N85: 45015 | O85: {=_xll.BADDPERIODS(N85, "PER=WD", "NUMBEROFPERIODS=2", "BUSDAYADJ=-2", "CDR=GQ", "CDR=P9")} -> 45019 | P85: {=_xll.BDH("XAG Curncy","PX_LAST",N85,N85)} -> 23.903 | Q85: {=_xll.BDP("SIk23 Comdty",$M$32)} -> 01/05/2023 | R85: =_xlfn.DAYS(Q85,O85) -> 28 | S85: 0.05 | T85: =P85*(R85/360)*S85 -> 0.092956111 | U85: 0.145 | V85: =100*(U85-T85) -> 5.2043889 | W85: 15 | X85: 20 | Y85: 25 | Z85: =100*T85 -> 9.2956111 | AA85: =U85*100 -> 14.5 | AB85: =V85 -> 5.2043889 | AE85: {=_xll.BDH("COMXGOLD Comdty","PX_Last", N85)} -> 21291700 | AF85: {=_xll.BDS("GCA Comdty","FUT_CHAIN", "CHAIN_DATE",A85,"endrow=1")} -> GCJ23 Comdty | AG85: {=_xll.BDH(AF85,"FUT_AGGTE_OPEN_INT",A85)} -> 474852 | AH85: =AG85*$AG$17 -> 47485200 | AI85: =AE85/AH85 -> 0.44838602 | AK85: {=_xll.BDH("COMXSILV Comdty","PX_Last", N85)} -> 279086.28 | AL85: {=_xll.BDS("SIA Comdty","FUT_CHAIN", "CHAIN_DATE",A85,"endrow=1")} -> SIJ23 Comdty | AM85: {=_xll.BDH(AL85,"FUT_AGGTE_OPEN_INT",A85)} -> 121382 | AN85: =(AO85/AP85)/100 -> 459.84789 | AO85: =AK85*100000 -> 2.7908628e+10 | AP85: =(AM85*5000)/1000 -> 606910
A86: 45016 | B86: {=_xll.BADDPERIODS(A86, "PER=WD", "NUMBEROFPERIODS=2", "BUSDAYADJ=-2", "CDR=GQ", "CDR=P9")} -> 45020 | C86: {=_xll.BDH("XAU Curncy","PX_LAST",A86,A86)} -> 1969.28 | D86: {=_xll.BDP("GCM23 Comdty",$M$32)} -> 01/06/2023 | E86: =_xlfn.DAYS(D86,B86) -> 58 | F86: 0.0503 | G86: =C86*(E86/360)*F86 -> 15.958826 | H86: 17.4 | I86: =H86-G86 -> 1.4411737 | J86: 4 | K86: 6 | L86: 8 | N86: 45016 | O86: {=_xll.BADDPERIODS(N86, "PER=WD", "NUMBEROFPERIODS=2", "BUSDAYADJ=-2", "CDR=GQ", "CDR=P9")} -> 45020 | P86: {=_xll.BDH("XAG Curncy","PX_LAST",N86,N86)} -> 24.099 | Q86: {=_xll.BDP("SIk23 Comdty",$M$32)} -> 01/05/2023 | R86: =_xlfn.DAYS(Q86,O86) -> 27 | S86: 0.05 | T86: =P86*(R86/360)*S86 -> 0.09037125 | U86: 0.135 | V86: =100*(U86-T86) -> 4.462875 | W86: 15 | X86: 20 | Y86: 25 | Z86: =100*T86 -> 9.037125 | AA86: =U86*100 -> 13.5 | AB86: =V86 -> 4.462875 | AE86: {=_xll.BDH("COMXGOLD Comdty","PX_Last", N86)} -> 21291700 | AF86: {=_xll.BDS("GCA Comdty","FUT_CHAIN", "CHAIN_DATE",A86,"endrow=1")} -> GCJ23 Comdty | AG86: {=_xll.BDH(AF86,"FUT_AGGTE_OPEN_INT",A86)} -> 456507 | AH86: =AG86*$AG$17 -> 45650700 | AI86: =AE86/AH86 -> 0.46640467 | AK86: {=_xll.BDH("COMXSILV Comdty","PX_Last", N86)} -> 278264.22 | AL86: {=_xll.BDS("SIA Comdty","FUT_CHAIN", "CHAIN_DATE",A86,"endrow=1")} -> SIJ23 Comdty | AM86: {=_xll.BDH(AL86,"FUT_AGGTE_OPEN_INT",A86)} -> 121387 | AN86: =(AO86/AP86)/100 -> 458.4745 | AO86: =AK86*100000 -> 2.7826422e+10 | AP86: =(AM86*5000)/1000 -> 606935
A87: 45019 | B87: {=_xll.BADDPERIODS(A87, "PER=WD", "NUMBEROFPERIODS=2", "BUSDAYADJ=-2", "CDR=GQ", "CDR=P9")} -> 45021 | C87: {=_xll.BDH("XAU Curncy","PX_LAST",A87,A87)} -> 1984.65 | D87: {=_xll.BDP("GCM23 Comdty",$M$32)} -> 01/06/2023 | E87: =_xlfn.DAYS(D87,B87) -> 57 | F87: 0.05 | G87: =C87*(E87/360)*F87 -> 15.711813 | H87: 16.65 | I87: =H87-G87 -> 0.9381875 | J87: 4 | K87: 6 | L87: 8 | N87: 45019 | O87: {=_xll.BADDPERIODS(N87, "PER=WD", "NUMBEROFPERIODS=2", "BUSDAYADJ=-2", "CDR=GQ", "CDR=P9")} -> 45021 | P87: {=_xll.BDH("XAG Curncy","PX_LAST",N87,N87)} -> 23.9845 | Q87: {=_xll.BDP("SIk23 Comdty",$M$32)} -> 01/05/2023 | R87: =_xlfn.DAYS(Q87,O87) -> 26 | S87: 0.05 | T87: =P87*(R87/360)*S87 -> 0.086610694 | U87: 0.1375 | V87: =100*(U87-T87) -> 5.0889306 | W87: 15 | X87: 20 | Y87: 25 | Z87: =100*T87 -> 8.6610694 | AA87: =U87*100 -> 13.75 | AB87: =V87 -> 5.0889306 | AE87: {=_xll.BDH("COMXGOLD Comdty","PX_Last", N87)} -> 21575711 | AF87: {=_xll.BDS("GCA Comdty","FUT_CHAIN", "CHAIN_DATE",A87,"endrow=1")} -> GCJ23 Comdty | AG87: {=_xll.BDH(AF87,"FUT_AGGTE_OPEN_INT",A87)} -> 461152 | AH87: =AG87*$AG$17 -> 46115200 | AI87: =AE87/AH87 -> 0.46786549 | AK87: {=_xll.BDH("COMXSILV Comdty","PX_Last", N87)} -> 277624.44 | AL87: {=_xll.BDS("SIA Comdty","FUT_CHAIN", "CHAIN_DATE",A87,"endrow=1")} -> SIJ23 Comdty | AM87: {=_xll.BDH(AL87,"FUT_AGGTE_OPEN_INT",A87)} -> 123738 | AN87: =(AO87/AP87)/100 -> 448.72948 | AO87: =AK87*100000 -> 27762444000 | AP87: =(AM87*5000)/1000 -> 618690
A88: 45020 | B88: {=_xll.BADDPERIODS(A88, "PER=WD", "NUMBEROFPERIODS=2", "BUSDAYADJ=-2", "CDR=GQ", "CDR=P9")} -> 45022 | C88: {=_xll.BDH("XAU Curncy","PX_LAST",A88,A88)} -> 2020.42 | D88: {=_xll.BDP("GCM23 Comdty",$M$32)} -> 01/06/2023 | E88: =_xlfn.DAYS(D88,B88) -> 56 | F88: 0.05 | G88: =C88*(E88/360)*F88 -> 15.714378 | H88: 17.5 | I88: =H88-G88 -> 1.7856222 | J88: 4 | K88: 6 | L88: 8 | N88: 45020 | O88: {=_xll.BADDPERIODS(N88, "PER=WD", "NUMBEROFPERIODS=2", "BUSDAYADJ=-2", "CDR=GQ", "CDR=P9")} -> 45022 | P88: {=_xll.BDH("XAG Curncy","PX_LAST",N88,N88)} -> 25.0056 | Q88: {=_xll.BDP("SIk23 Comdty",$M$32)} -> 01/05/2023 | R88: =_xlfn.DAYS(Q88,O88) -> 25 | S88: 0.05 | T88: =P88*(R88/360)*S88 -> 0.086825 | U88: 0.16 | V88: =100*(U88-T88) -> 7.3175 | W88: 15 | X88: 20 | Y88: 25 | Z88: =100*T88 -> 8.6825 | AA88: =U88*100 -> 16 | AB88: =V88 -> 7.3175 | AE88: {=_xll.BDH("COMXGOLD Comdty","PX_Last", N88)} -> 21575711 | AF88: {=_xll.BDS("GCA Comdty","FUT_CHAIN", "CHAIN_DATE",A88,"endrow=1")} -> GCJ23 Comdty | AG88: {=_xll.BDH(AF88,"FUT_AGGTE_OPEN_INT",A88)} -> 476592 | AH88: =AG88*$AG$17 -> 47659200 | AI88: =AE88/AH88 -> 0.4527082 | AK88: {=_xll.BDH("COMXSILV Comdty","PX_Last", N88)} -> 277556.38 | AL88: {=_xll.BDS("SIA Comdty","FUT_CHAIN", "CHAIN_DATE",A88,"endrow=1")} -> SIJ23 Comdty | AM88: {=_xll.BDH(AL88,"FUT_AGGTE_OPEN_INT",A88)} -> 131210 | AN88: =(AO88/AP88)/100 -> 423.07199 | AO88: =AK88*100000 -> 27755638000 | AP88: =(AM88*5000)/1000 -> 656050
A89: 45021 | B89: {=_xll.BADDPERIODS(A89, "PER=WD", "NUMBEROFPERIODS=2", "BUSDAYADJ=-2", "CDR=GQ", "CDR=P9")} -> 45027 | C89: {=_xll.BDH("XAU Curncy","PX_LAST",A89,A89)} -> 2020.73 | D89: {=_xll.BDP("GCM23 Comdty",$M$32)} -> 01/06/2023 | E89: =_xlfn.DAYS(D89,B89) -> 51 | F89: 0.05 | G89: =C89*(E89/360)*F89 -> 14.313504 | H89: 16.4 | I89: =H89-G89 -> 2.0864958 | J89: 4 | K89: 6 | L89: 8 | N89: 45021 | O89: {=_xll.BADDPERIODS(N89, "PER=WD", "NUMBEROFPERIODS=2", "BUSDAYADJ=-2", "CDR=GQ", "CDR=P9")} -> 45027 | P89: {=_xll.BDH("XAG Curncy","PX_LAST",N89,N89)} -> 24.9415 | Q89: {=_xll.BDP("SIk23 Comdty",$M$32)} -> 01/05/2023 | R89: =_xlfn.DAYS(Q89,O89) -> 20 | S89: 0.05 | T89: =P89*(R89/360)*S89 -> 0.069281944 | U89: 0.145 | V89: =100*(U89-T89) -> 7.5718056 | W89: 15 | X89: 20 | Y89: 25 | Z89: =100*T89 -> 6.9281944 | AA89: =U89*100 -> 14.5 | AB89: =V89 -> 7.5718056 | AE89: {=_xll.BDH("COMXGOLD Comdty","PX_Last", N89)} -> 21769099 | AF89: {=_xll.BDS("GCA Comdty","FUT_CHAIN", "CHAIN_DATE",A89,"endrow=1")} -> GCJ23 Comdty | AG89: {=_xll.BDH(AF89,"FUT_AGGTE_OPEN_INT",A89)} -> 477122 | AH89: =AG89*$AG$17 -> 47712200 | AI89: =AE89/AH89 -> 0.45625855 | AK89: {=_xll.BDH("COMXSILV Comdty","PX_Last", N89)} -> 276742.31 | AL89: {=_xll.BDS("SIA Comdty","FUT_CHAIN", "CHAIN_DATE",A89,"endrow=1")} -> SIJ23 Comdty | AM89: {=_xll.BDH(AL89,"FUT_AGGTE_OPEN_INT",A89)} -> 134231 | AN89: =(AO89/AP89)/100 -> 412.3374 | AO89: =AK89*100000 -> 27674231000 | AP89: =(AM89*5000)/1000 -> 671155
A90: 45022 | B90: {=_xll.BADDPERIODS(A90, "PER=WD", "NUMBEROFPERIODS=2", "BUSDAYADJ=-2", "CDR=GQ", "CDR=P9")} -> 45028 | C90: {=_xll.BDH("XAU Curncy","PX_LAST",A90,A90)} -> 2007.91 | D90: {=_xll.BDP("GCM23 Comdty",$M$32)} -> 01/06/2023 | E90: =_xlfn.DAYS(D90,B90) -> 50 | F90: 0.05 | G90: =C90*(E90/360)*F90 -> 13.943819 | H90: 15.85 | I90: =H90-G90 -> 1.9061806 | J90: 4 | K90: 6 | L90: 8 | N90: 45022 | O90: {=_xll.BADDPERIODS(N90, "PER=WD", "NUMBEROFPERIODS=2", "BUSDAYADJ=-2", "CDR=GQ", "CDR=P9")} -> 45028 | P90: {=_xll.BDH("XAG Curncy","PX_LAST",N90,N90)} -> 24.9798 | Q90: {=_xll.BDP("SIk23 Comdty",$M$32)} -> 01/05/2023 | R90: =_xlfn.DAYS(Q90,O90) -> 19 | S90: 0.05 | T90: =P90*(R90/360)*S90 -> 0.065918917 | U90: 0.145 | V90: =100*(U90-T90) -> 7.9081083 | W90: 15 | X90: 20 | Y90: 25 | Z90: =100*T90 -> 6.5918917 | AA90: =U90*100 -> 14.5 | AB90: =V90 -> 7.9081083 | AE90: {=_xll.BDH("COMXGOLD Comdty","PX_Last", N90)} -> 21769099 | AF90: {=_xll.BDS("GCA Comdty","FUT_CHAIN", "CHAIN_DATE",A90,"endrow=1")} -> GCJ23 Comdty | AG90: {=_xll.BDH(AF90,"FUT_AGGTE_OPEN_INT",A90)} -> 477136 | AH90: =AG90*$AG$17 -> 47713600 | AI90: =AE90/AH90 -> 0.45624516 | AK90: {=_xll.BDH("COMXSILV Comdty","PX_Last", N90)} -> 275170.06 | AL90: {=_xll.BDS("SIA Comdty","FUT_CHAIN", "CHAIN_DATE",A90,"endrow=1")} -> SIJ23 Comdty | AM90: {=_xll.BDH(AL90,"FUT_AGGTE_OPEN_INT",A90)} -> 135291 | AN90: =(AO90/AP90)/100 -> 406.78251 | AO90: =AK90*100000 -> 27517006000 | AP90: =(AM90*5000)/1000 -> 676455
A91: 45027 | B91: {=_xll.BADDPERIODS(A91, "PER=WD", "NUMBEROFPERIODS=2", "BUSDAYADJ=-2", "CDR=GQ", "CDR=P9")} -> 45029 | C91: {=_xll.BDH("XAU Curncy","PX_LAST",A91,A91)} -> 2003.62 | D91: {=_xll.BDP("GCM23 Comdty",$M$32)} -> 01/06/2023 | E91: =_xlfn.DAYS(D91,B91) -> 49 | F91: 0.0503 | G91: =C91*(E91/360)*F91 -> 13.717562 | H91: 15 | I91: =H91-G91 -> 1.2824383 | J91: 4 | K91: 6 | L91: 8 | N91: 45027 | O91: {=_xll.BADDPERIODS(N91, "PER=WD", "NUMBEROFPERIODS=2", "BUSDAYADJ=-2", "CDR=GQ", "CDR=P9")} -> 45029 | P91: {=_xll.BDH("XAG Curncy","PX_LAST",N91,N91)} -> 25.0615 | Q91: {=_xll.BDP("SIk23 Comdty",$M$32)} -> 01/05/2023 | R91: =_xlfn.DAYS(Q91,O91) -> 18 | S91: 0.05 | T91: =P91*(R91/360)*S91 -> 0.06265375 | U91: 0.135 | V91: =100*(U91-T91) -> 7.234625 | W91: 15 | X91: 20 | Y91: 25 | Z91: =100*T91 -> 6.265375 | AA91: =U91*100 -> 13.5 | AB91: =V91 -> 7.234625 | AE91: {=_xll.BDH("COMXGOLD Comdty","PX_Last", N91)} -> 21800639 | AF91: {=_xll.BDS("GCA Comdty","FUT_CHAIN", "CHAIN_DATE",A91,"endrow=1")} -> GCJ23 Comdty | AG91: {=_xll.BDH(AF91,"FUT_AGGTE_OPEN_INT",A91)} -> 476567 | AH91: =AG91*$AG$17 -> 47656700 | AI91: =AE91/AH91 -> 0.45745172 | AK91: {=_xll.BDH("COMXSILV Comdty","PX_Last", N91)} -> 274037.84 | AL91: {=_xll.BDS("SIA Comdty","FUT_CHAIN", "CHAIN_DATE",A91,"endrow=1")} -> SIJ23 Comdty | AM91: {=_xll.BDH(AL91,"FUT_AGGTE_OPEN_INT",A91)} -> 142699 | AN91: =(AO91/AP91)/100 -> 384.07815 | AO91: =AK91*100000 -> 2.7403784e+10 | AP91: =(AM91*5000)/1000 -> 713495
A92: 45028 | B92: {=_xll.BADDPERIODS(A92, "PER=WD", "NUMBEROFPERIODS=2", "BUSDAYADJ=-2", "CDR=GQ", "CDR=P9")} -> 45030 | C92: {=_xll.BDH("XAU Curncy","PX_LAST",A92,A92)} -> 2014.93 | D92: {=_xll.BDP("GCM23 Comdty",$M$32)} -> 01/06/2023 | E92: =_xlfn.DAYS(D92,B92) -> 48 | F92: 0.05 | G92: =C92*(E92/360)*F92 -> 13.432867 | H92: 14.8 | I92: =H92-G92 -> 1.3671333 | J92: 4 | K92: 6 | L92: 8 | N92: 45028 | O92: {=_xll.BADDPERIODS(N92, "PER=WD", "NUMBEROFPERIODS=2", "BUSDAYADJ=-2", "CDR=GQ", "CDR=P9")} -> 45030 | P92: {=_xll.BDH("XAG Curncy","PX_LAST",N92,N92)} -> 25.5013 | Q92: {=_xll.BDP("SIk23 Comdty",$M$32)} -> 01/05/2023 | R92: =_xlfn.DAYS(Q92,O92) -> 17 | S92: 0.05 | T92: =P92*(R92/360)*S92 -> 0.060211403 | U92: 0.14 | V92: =100*(U92-T92) -> 7.9788597 | W92: 15 | X92: 20 | Y92: 25 | Z92: =100*T92 -> 6.0211403 | AA92: =U92*100 -> 14 | AB92: =V92 -> 7.9788597 | AE92: {=_xll.BDH("COMXGOLD Comdty","PX_Last", N92)} -> 21949370 | AF92: {=_xll.BDS("GCA Comdty","FUT_CHAIN", "CHAIN_DATE",A92,"endrow=1")} -> GCJ23 Comdty | AG92: {=_xll.BDH(AF92,"FUT_AGGTE_OPEN_INT",A92)} -> 483431 | AH92: =AG92*$AG$17 -> 48343100 | AI92: =AE92/AH92 -> 0.45403315 | AK92: {=_xll.BDH("COMXSILV Comdty","PX_Last", N92)} -> 275563.41 | AL92: {=_xll.BDS("SIA Comdty","FUT_CHAIN", "CHAIN_DATE",A92,"endrow=1")} -> SIJ23 Comdty | AM92: {=_xll.BDH(AL92,"FUT_AGGTE_OPEN_INT",A92)} -> 145695 | AN92: =(AO92/AP92)/100 -> 378.27435 | AO92: =AK92*100000 -> 2.7556341e+10 | AP92: =(AM92*5000)/1000 -> 728475
A93: 45029 | B93: {=_xll.BADDPERIODS(A93, "PER=WD", "NUMBEROFPERIODS=2", "BUSDAYADJ=-2", "CDR=GQ", "CDR=P9")} -> 45033 | C93: {=_xll.BDH("XAU Curncy","PX_LAST",A93,A93)} -> 2040.22 | D93: {=_xll.BDP("GCM23 Comdty",$M$32)} -> 01/06/2023 | E93: =_xlfn.DAYS(D93,B93) -> 45 | F93: 0.05 | G93: =C93*(E93/360)*F93 -> 12.751375 | H93: 14 | I93: =H93-G93 -> 1.248625 | J93: 4 | K93: 6 | L93: 8 | N93: 45029 | O93: {=_xll.BADDPERIODS(N93, "PER=WD", "NUMBEROFPERIODS=2", "BUSDAYADJ=-2", "CDR=GQ", "CDR=P9")} -> 45033 | P93: {=_xll.BDH("XAG Curncy","PX_LAST",N93,N93)} -> 25.828 | Q93: {=_xll.BDP("SIk23 Comdty",$M$32)} -> 01/05/2023 | R93: =_xlfn.DAYS(Q93,O93) -> 14 | S93: 0.05 | T93: =P93*(R93/360)*S93 -> 0.050221111 | U93: 0.12 | V93: =100*(U93-T93) -> 6.9778889 | W93: 15 | X93: 20 | Y93: 25 | Z93: =100*T93 -> 5.0221111 | AA93: =U93*100 -> 12 | AB93: =V93 -> 6.9778889 | AE93: {=_xll.BDH("COMXGOLD Comdty","PX_Last", N93)} -> 21948727 | AF93: {=_xll.BDS("GCA Comdty","FUT_CHAIN", "CHAIN_DATE",A93,"endrow=1")} -> GCJ23 Comdty | AG93: {=_xll.BDH(AF93,"FUT_AGGTE_OPEN_INT",A93)} -> 492348 | AH93: =AG93*$AG$17 -> 49234800 | AI93: =AE93/AH93 -> 0.44579701 | AK93: {=_xll.BDH("COMXSILV Comdty","PX_Last", N93)} -> 274401.66 | AL93: {=_xll.BDS("SIA Comdty","FUT_CHAIN", "CHAIN_DATE",A93,"endrow=1")} -> SIJ23 Comdty | AM93: {=_xll.BDH(AL93,"FUT_AGGTE_OPEN_INT",A93)} -> 152363 | AN93: =(AO93/AP93)/100 -> 360.19461 | AO93: =AK93*100000 -> 2.7440166e+10 | AP93: =(AM93*5000)/1000 -> 761815
A94: 45030 | B94: {=_xll.BADDPERIODS(A94, "PER=WD", "NUMBEROFPERIODS=2", "BUSDAYADJ=-2", "CDR=GQ", "CDR=P9")} -> 45034 | C94: {=_xll.BDH("XAU Curncy","PX_LAST",A94,A94)} -> 2004.17 | D94: {=_xll.BDP("GCM23 Comdty",$M$32)} -> 01/06/2023 | E94: =_xlfn.DAYS(D94,B94) -> 44 | F94: 0.05 | G94: =C94*(E94/360)*F94 -> 12.247706 | H94: 13.7 | I94: =H94-G94 -> 1.4522944 | J94: 4 | K94: 6 | L94: 8 | N94: 45030 | O94: {=_xll.BADDPERIODS(N94, "PER=WD", "NUMBEROFPERIODS=2", "BUSDAYADJ=-2", "CDR=GQ", "CDR=P9")} -> 45034 | P94: {=_xll.BDH("XAG Curncy","PX_LAST",N94,N94)} -> 25.348 | Q94: {=_xll.BDP("SIk23 Comdty",$M$32)} -> 01/05/2023 | R94: =_xlfn.DAYS(Q94,O94) -> 13 | S94: 0.05 | T94: =P94*(R94/360)*S94 -> 0.045767222 | U94: 0.12 | V94: =100*(U94-T94) -> 7.4232778 | W94: 15 | X94: 20 | Y94: 25 | Z94: =100*T94 -> 4.5767222 | AA94: =U94*100 -> 12 | AB94: =V94 -> 7.4232778 | AE94: {=_xll.BDH("COMXGOLD Comdty","PX_Last", N94)} -> 21948598 | AF94: {=_xll.BDS("GCA Comdty","FUT_CHAIN", "CHAIN_DATE",A94,"endrow=1")} -> GCJ23 Comdty | AG94: {=_xll.BDH(AF94,"FUT_AGGTE_OPEN_INT",A94)} -> 483401 | AH94: =AG94*$AG$17 -> 48340100 | AI94: =AE94/AH94 -> 0.45404536 | AK94: {=_xll.BDH("COMXSILV Comdty","PX_Last", N94)} -> 274064.22 | AL94: {=_xll.BDS("SIA Comdty","FUT_CHAIN", "CHAIN_DATE",A94,"endrow=1")} -> SIJ23 Comdty | AM94: {=_xll.BDH(AL94,"FUT_AGGTE_OPEN_INT",A94)} -> 155747 | AN94: =(AO94/AP94)/100 -> 351.93515 | AO94: =AK94*100000 -> 2.7406422e+10 | AP94: =(AM94*5000)/1000 -> 778735
A95: 45033 | B95: {=_xll.BADDPERIODS(A95, "PER=WD", "NUMBEROFPERIODS=2", "BUSDAYADJ=-2", "CDR=GQ", "CDR=P9")} -> 45035 | C95: {=_xll.BDH("XAU Curncy","PX_LAST",A95,A95)} -> 1995.19 | D95: {=_xll.BDP("GCM23 Comdty",$M$32)} -> 01/06/2023 | E95: =_xlfn.DAYS(D95,B95) -> 43 | F95: 0.05 | G95: =C95*(E95/360)*F95 -> 11.915718 | H95: 12.6 | I95: =H95-G95 -> 0.68428194 | J95: 4 | K95: 6 | L95: 8 | N95: 45033 | O95: {=_xll.BADDPERIODS(N95, "PER=WD", "NUMBEROFPERIODS=2", "BUSDAYADJ=-2", "CDR=GQ", "CDR=P9")} -> 45035 | P95: {=_xll.BDH("XAG Curncy","PX_LAST",N95,N95)} -> 25.033 | Q95: {=_xll.BDP("SIk23 Comdty",$M$32)} -> 01/05/2023 | R95: =_xlfn.DAYS(Q95,O95) -> 12 | S95: 0.05 | T95: =P95*(R95/360)*S95 -> 0.041721667 | U95: 0.11 | V95: =100*(U95-T95) -> 6.8278333 | W95: 15 | X95: 20 | Y95: 25 | Z95: =100*T95 -> 4.1721667 | AA95: =U95*100 -> 11 | AB95: =V95 -> 6.8278333 | AE95: {=_xll.BDH("COMXGOLD Comdty","PX_Last", N95)} -> 21946830 | AF95: {=_xll.BDS("GCA Comdty","FUT_CHAIN", "CHAIN_DATE",A95,"endrow=1")} -> GCJ23 Comdty | AG95: {=_xll.BDH(AF95,"FUT_AGGTE_OPEN_INT",A95)} -> 481532 | AH95: =AG95*$AG$17 -> 48153200 | AI95: =AE95/AH95 -> 0.45577095 | AK95: {=_xll.BDH("COMXSILV Comdty","PX_Last", N95)} -> 273854.31 | AL95: {=_xll.BDS("SIA Comdty","FUT_CHAIN", "CHAIN_DATE",A95,"endrow=1")} -> SIJ23 Comdty | AM95: {=_xll.BDH(AL95,"FUT_AGGTE_OPEN_INT",A95)} -> 157861 | AN95: =(AO95/AP95)/100 -> 346.95626 | AO95: =AK95*100000 -> 27385431000 | AP95: =(AM95*5000)/1000 -> 789305
A96: 45034 | B96: {=_xll.BADDPERIODS(A96, "PER=WD", "NUMBEROFPERIODS=2", "BUSDAYADJ=-2", "CDR=GQ", "CDR=P9")} -> 45036 | C96: {=_xll.BDH("XAU Curncy","PX_LAST",A96,A96)} -> 2005.45 | D96: {=_xll.BDP("GCM23 Comdty",$M$32)} -> 01/06/2023 | E96: =_xlfn.DAYS(D96,B96) -> 42 | F96: 0.05 | G96: =C96*(E96/360)*F96 -> 11.698458 | H96: 11.8 | I96: =H96-G96 -> 0.10154167 | J96: 4 | K96: 6 | L96: 8 | N96: 45034 | O96: {=_xll.BADDPERIODS(N96, "PER=WD", "NUMBEROFPERIODS=2", "BUSDAYADJ=-2", "CDR=GQ", "CDR=P9")} -> 45036 | P96: {=_xll.BDH("XAG Curncy","PX_LAST",N96,N96)} -> 25.1925 | Q96: {=_xll.BDP("SIk23 Comdty",$M$32)} -> 01/05/2023 | R96: =_xlfn.DAYS(Q96,O96) -> 11 | S96: 0.05 | T96: =P96*(R96/360)*S96 -> 0.038488542 | U96: 0.095 | V96: =100*(U96-T96) -> 5.6511458 | W96: 15 | X96: 20 | Y96: 25 | Z96: =100*T96 -> 3.8488542 | AA96: =U96*100 -> 9.5 | AB96: =V96 -> 5.6511458 | AE96: {=_xll.BDH("COMXGOLD Comdty","PX_Last", N96)} -> 21943454 | AF96: {=_xll.BDS("GCA Comdty","FUT_CHAIN", "CHAIN_DATE",A96,"endrow=1")} -> GCJ23 Comdty | AG96: {=_xll.BDH(AF96,"FUT_AGGTE_OPEN_INT",A96)} -> 482254 | AH96: =AG96*$AG$17 -> 48225400 | AI96: =AE96/AH96 -> 0.4550186 | AK96: {=_xll.BDH("COMXSILV Comdty","PX_Last", N96)} -> 273179.66 | AL96: {=_xll.BDS("SIA Comdty","FUT_CHAIN", "CHAIN_DATE",A96,"endrow=1")} -> SIJ23 Comdty | AM96: {=_xll.BDH(AL96,"FUT_AGGTE_OPEN_INT",A96)} -> 158371 | AN96: =(AO96/AP96)/100 -> 344.98697 | AO96: =AK96*100000 -> 2.7317966e+10 | AP96: =(AM96*5000)/1000 -> 791855
... A103: 45043 | B103: {=_xll.BADDPERIODS(A103, "PER=WD", "NUMBEROFPERIODS=2", "BUSDAYADJ=-2", "CDR=GQ", "CDR=P9")} -> 45048 | C103: {=_xll.BDH("XAU Curncy","PX_LAST",A103,A103)} -> 1987.78 | D103: {=_xll.BDP("GCM23 Comdty",$M$32)} -> 01/06/2023 | E103: =_xlfn.DAYS(D103,B103) -> 30 | F103: 0.0505 | G103: =C103*(E103/360)*F103 -> 8.3652408 | H103: 9 | I103: =H103-G103 -> 0.63475917 | J103: 4 | K103: 6 | L103: 8 | N103: 45043 | O103: {=_xll.BADDPERIODS(N103, "PER=WD", "NUMBEROFPERIODS=2", "BUSDAYADJ=-2", "CDR=GQ", "CDR=P9")} -> 45048 | P103: {=_xll.BDH("XAG Curncy","PX_LAST",N103,N103)} -> 24.9276 | Q103: {=_xll.BDP("SIk23 Comdty",$M$32)} -> 01/05/2023 | R103: =_xlfn.DAYS(Q103,O103) -> -1 | S103: 0.05 | T103: =P103*(R103/360)*S103 -> -0.0034621667 | U103: 0.08 | V103: =100*(U103-T103) -> 8.3462167 | W103: 15 | X103: 20 | Y103: 25 | Z103: =100*T103 -> -0.34621667 | AA103: =U103*100 -> 8 | AB103: =V103 -> 8.3462167 | AE103: {=_xll.BDH("COMXGOLD Comdty","PX_Last", N103)} -> 22340997 | AF103: {=_xll.BDS("GCA Comdty","FUT_CHAIN", "CHAIN_DATE",A103,"endrow=1")} -> GCK23 Comdty | AG103: {=_xll.BDH(AF103,"FUT_AGGTE_OPEN_INT",A103)} -> 475737 | AH103: =AG103*$AG$17 -> 47573700 | AI103: =AE103/AH103 -> 0.46960815 | AK103: {=_xll.BDH("COMXSILV Comdty","PX_Last", N103)} -> 271314.09 | AL103: {=_xll.BDS("SIA Comdty","FUT_CHAIN", "CHAIN_DATE",A103,"endrow=1")} -> SIK23 Comdty | AM103: {=_xll.BDH(AL103,"FUT_AGGTE_OPEN_INT",A103)} -> 140794 | AN103: =(AO103/AP103)/100 -> 385.40576 | AO103: =AK103*100000 -> 2.7131409e+10 | AP103: =(AM103*5000)/1000 -> 703970
A104: 45044 | B104: {=_xll.BADDPERIODS(A104, "PER=WD", "NUMBEROFPERIODS=2", "BUSDAYADJ=-2", "CDR=GQ", "CDR=P9")} -> 45049 | C104: {=_xll.BDH("XAU Curncy","PX_LAST",A104,A104)} -> 1990 | D104: {=_xll.BDP("GCM23 Comdty",$M$32)} -> 01/06/2023 | E104: =_xlfn.DAYS(D104,B104) -> 29 | F104: 0.0515 | G104: =C104*(E104/360)*F104 -> 8.2557361 | H104: 8.6 | I104: =H104-G104 -> 0.34426389 | J104: 4 | K104: 6 | L104: 8 | N104: 45044 | O104: {=_xll.BADDPERIODS(N104, "PER=WD", "NUMBEROFPERIODS=2", "BUSDAYADJ=-2", "CDR=GQ", "CDR=P9")} -> 45049 | P104: {=_xll.BDH("XAG Curncy","PX_LAST",N104,N104)} -> 25.0545 | Q104: {=_xll.BDP("SIN23 Comdty",$M$32)} -> 03/07/2023 | R104: =_xlfn.DAYS(Q104,O104) -> 61 | S104: 0.05 | T104: =P104*(R104/360)*S104 -> 0.21226729 | U104: 0.25 | V104: =100*(U104-T104) -> 3.7732708 | W104: 15 | X104: 20 | Y104: 25 | Z104: =100*T104 -> 21.226729 | AA104: =U104*100 -> 25 | AB104: =V104 -> 3.7732708 | AE104: {=_xll.BDH("COMXGOLD Comdty","PX_Last", N104)} -> 22362217 | AF104: {=_xll.BDS("GCA Comdty","FUT_CHAIN", "CHAIN_DATE",A104,"endrow=1")} -> GCK23 Comdty | AG104: {=_xll.BDH(AF104,"FUT_AGGTE_OPEN_INT",A104)} -> 475817 | AH104: =AG104*$AG$17 -> 47581700 | AI104: =AE104/AH104 -> 0.46997516 | AK104: {=_xll.BDH("COMXSILV Comdty","PX_Last", N104)} -> 270974.34 | AL104: {=_xll.BDS("SIA Comdty","FUT_CHAIN", "CHAIN_DATE",A104,"endrow=1")} -> SIK23 Comdty | AM104: {=_xll.BDH(AL104,"FUT_AGGTE_OPEN_INT",A104)} -> 140253 | AN104: =(AO104/AP104)/100 -> 386.40791 | AO104: =AK104*100000 -> 2.7097434e+10 | AP104: =(AM104*5000)/1000 -> 701265
A105: 45048 | B105: {=_xll.BADDPERIODS(A105, "PER=WD", "NUMBEROFPERIODS=2", "BUSDAYADJ=-2", "CDR=GQ", "CDR=P9")} -> 45050 | C105: {=_xll.BDH("XAU Curncy","PX_LAST",A105,A105)} -> 2016.68 | D105: {=_xll.BDP("GCM23 Comdty",$M$32)} -> 01/06/2023 | E105: =_xlfn.DAYS(D105,B105) -> 28 | F105: 0.0525 | G105: =C105*(E105/360)*F105 -> 8.2347767 | H105: 8.6 | I105: =H105-G105 -> 0.36522333 | J105: 4 | K105: 6 | L105: 8 | N105: 45048 | O105: {=_xll.BADDPERIODS(N105, "PER=WD", "NUMBEROFPERIODS=2", "BUSDAYADJ=-2", "CDR=GQ", "CDR=P9")} -> 45050 | P105: {=_xll.BDH("XAG Curncy","PX_LAST",N105,N105)} -> 25.3715 | Q105: {=_xll.BDP("SIN23 Comdty",$M$32)} -> 03/07/2023 | R105: =_xlfn.DAYS(Q105,O105) -> 60 | S105: 0.05 | T105: =P105*(R105/360)*S105 -> 0.21142917 | U105: 0.245 | V105: =100*(U105-T105) -> 3.3570833 | W105: 15 | X105: 20 | Y105: 25 | Z105: =100*T105 -> 21.142917 | AA105: =U105*100 -> 24.5 | AB105: =V105 -> 3.3570833 | AE105: {=_xll.BDH("COMXGOLD Comdty","PX_Last", N105)} -> 22359418 | AF105: {=_xll.BDS("GCA Comdty","FUT_CHAIN", "CHAIN_DATE",A105,"endrow=1")} -> GCK23 Comdty | AG105: {=_xll.BDH(AF105,"FUT_AGGTE_OPEN_INT",A105)} -> 493804 | AH105: =AG105*$AG$17 -> 49380400 | AI105: =AE105/AH105 -> 0.45279945 | AK105: {=_xll.BDH("COMXSILV Comdty","PX_Last", N105)} -> 270024.75 | AL105: {=_xll.BDS("SIA Comdty","FUT_CHAIN", "CHAIN_DATE",A105,"endrow=1")} -> SIK23 Comdty | AM105: {=_xll.BDH(AL105,"FUT_AGGTE_OPEN_INT",A105)} -> 142538 | AN105: =(AO105/AP105)/100 -> 378.88107 | AO105: =AK105*100000 -> 27002475000 | AP105: =(AM105*5000)/1000 -> 712690
A106: 45049 | B106: {=_xll.BADDPERIODS(A106, "PER=WD", "NUMBEROFPERIODS=2", "BUSDAYADJ=-2", "CDR=GQ", "CDR=P9")} -> 45051 | C106: {=_xll.BDH("XAU Curncy","PX_LAST",A106,A106)} -> 2038.97 | D106: {=_xll.BDP("GCM23 Comdty",$M$32)} -> 01/06/2023 | E106: =_xlfn.DAYS(D106,B106) -> 27 | F106: 0.0525 | G106: =C106*(E106/360)*F106 -> 8.0284444 | H106: 9.05 | I106: =H106-G106 -> 1.0215556 | J106: 4 | K106: 6 | L106: 8 | N106: 45049 | O106: {=_xll.BADDPERIODS(N106, "PER=WD", "NUMBEROFPERIODS=2", "BUSDAYADJ=-2", "CDR=GQ", "CDR=P9")} -> 45051 | P106: {=_xll.BDH("XAG Curncy","PX_LAST",N106,N106)} -> 25.577 | Q106: {=_xll.BDP("SIN23 Comdty",$M$32)} -> 03/07/2023 | R106: =_xlfn.DAYS(Q106,O106) -> 59 | S106: 0.05 | T106: =P106*(R106/360)*S106 -> 0.20958931 | U106: 0.28 | V106: =100*(U106-T106) -> 7.0410694 | W106: 15 | X106: 20 | Y106: 25 | Z106: =100*T106 -> 20.958931 | AA106: =U106*100 -> 28 | AB106: =V106 -> 7.0410694 | AE106: {=_xll.BDH("COMXGOLD Comdty","PX_Last", N106)} -> 22519466 | AF106: {=_xll.BDS("GCA Comdty","FUT_CHAIN", "CHAIN_DATE",A106,"endrow=1")} -> GCK23 Comdty | AG106: {=_xll.BDH(AF106,"FUT_AGGTE_OPEN_INT",A106)} -> 504204 | AH106: =AG106*$AG$17 -> 50420400 | AI106: =AE106/AH106 -> 0.44663402 | AK106: {=_xll.BDH("COMXSILV Comdty","PX_Last", N106)} -> 269687.25 | AL106: {=_xll.BDS("SIA Comdty","FUT_CHAIN", "CHAIN_DATE",A106,"endrow=1")} -> SIK23 Comdty | AM106: {=_xll.BDH(AL106,"FUT_AGGTE_OPEN_INT",A106)} -> 142490 | AN106: =(AO106/AP106)/100 -> 378.53498 | AO106: =AK106*100000 -> 26968725000 | AP106: =(AM106*5000)/1000 -> 712450
A107: 45050 | B107: {=_xll.BADDPERIODS(A107, "PER=WD", "NUMBEROFPERIODS=2", "BUSDAYADJ=-2", "CDR=GQ", "CDR=P9")} -> 45055 | C107: {=_xll.BDH("XAU Curncy","PX_LAST",A107,A107)} -> 2050.28 | D107: {=_xll.BDP("GCM23 Comdty",$M$32)} -> 01/06/2023 | E107: =_xlfn.DAYS(D107,B107) -> 23 | F107: 0.0525 | G107: =C107*(E107/360)*F107 -> 6.8769808 | H107: 8.2 | I107: =H107-G107 -> 1.3230192 | J107: 4 | K107: 6 | L107: 8 | N107: 45050 | O107: {=_xll.BADDPERIODS(N107, "PER=WD", "NUMBEROFPERIODS=2", "BUSDAYADJ=-2", "CDR=GQ", "CDR=P9")} -> 45055 | P107: {=_xll.BDH("XAG Curncy","PX_LAST",N107,N107)} -> 26.0505 | Q107: {=_xll.BDP("SIN23 Comdty",$M$32)} -> 03/07/2023 | R107: =_xlfn.DAYS(Q107,O107) -> 55 | S107: 0.05 | T107: =P107*(R107/360)*S107 -> 0.19899688 | U107: 0.28 | V107: =100*(U107-T107) -> 8.1003125 | W107: 15 | X107: 20 | Y107: 25 | Z107: =100*T107 -> 19.899688 | AA107: =U107*100 -> 28 | AB107: =V107 -> 8.1003125 | AE107: {=_xll.BDH("COMXGOLD Comdty","PX_Last", N107)} -> 22518887 | AF107: {=_xll.BDS("GCA Comdty","FUT_CHAIN", "CHAIN_DATE",A107,"endrow=1")} -> GCK23 Comdty | AG107: {=_xll.BDH(AF107,"FUT_AGGTE_OPEN_INT",A107)} -> 520664 | AH107: =AG107*$AG$17 -> 52066400 | AI107: =AE107/AH107 -> 0.43250325 | AK107: {=_xll.BDH("COMXSILV Comdty","PX_Last", N107)} -> 269022.34 | AL107: {=_xll.BDS("SIA Comdty","FUT_CHAIN", "CHAIN_DATE",A107,"endrow=1")} -> SIK23 Comdty | AM107: {=_xll.BDH(AL107,"FUT_AGGTE_OPEN_INT",A107)} -> 148139 | AN107: =(AO107/AP107)/100 -> 363.20259 | AO107: =AK107*100000 -> 2.6902234e+10 | AP107: =(AM107*5000)/1000 -> 740695
A108: 45051 | B108: {=_xll.BADDPERIODS(A108, "PER=WD", "NUMBEROFPERIODS=2", "BUSDAYADJ=-2", "CDR=GQ", "CDR=P9")} -> 45056 | C108: {=_xll.BDH("XAU Curncy","PX_LAST",A108,A108)} -> 2016.79 | D108: {=_xll.BDP("GCM23 Comdty",$M$32)} -> 01/06/2023 | E108: =_xlfn.DAYS(D108,B108) -> 22 | F108: 0.0525 | G108: =C108*(E108/360)*F108 -> 6.4705346 | H108: 8 | I108: =H108-G108 -> 1.5294654 | J108: 4 | K108: 6 | L108: 8 | N108: 45051 | O108: {=_xll.BADDPERIODS(N108, "PER=WD", "NUMBEROFPERIODS=2", "BUSDAYADJ=-2", "CDR=GQ", "CDR=P9")} -> 45056 | P108: {=_xll.BDH("XAG Curncy","PX_LAST",N108,N108)} -> 25.6663 | Q108: {=_xll.BDP("SIN23 Comdty",$M$32)} -> 03/07/2023 | R108: =_xlfn.DAYS(Q108,O108) -> 54 | S108: 0.05 | T108: =P108*(R108/360)*S108 -> 0.19249725 | U108: 0.28 | V108: =100*(U108-T108) -> 8.750275 | W108: 15 | X108: 20 | Y108: 25 | Z108: =100*T108 -> 19.249725 | AA108: =U108*100 -> 28 | AB108: =V108 -> 8.750275 | AE108: {=_xll.BDH("COMXGOLD Comdty","PX_Last", N108)} -> 22509204 | AF108: {=_xll.BDS("GCA Comdty","FUT_CHAIN", "CHAIN_DATE",A108,"endrow=1")} -> GCK23 Comdty | AG108: {=_xll.BDH(AF108,"FUT_AGGTE_OPEN_INT",A108)} -> 510576 | AH108: =AG108*$AG$17 -> 51057600 | AI108: =AE108/AH108 -> 0.44085903 | AK108: {=_xll.BDH("COMXSILV Comdty","PX_Last", N108)} -> 269484.47 | AL108: {=_xll.BDS("SIA Comdty","FUT_CHAIN", "CHAIN_DATE",A108,"endrow=1")} -> SIK23 Comdty | AM108: {=_xll.BDH(AL108,"FUT_AGGTE_OPEN_INT",A108)} -> 145543 | AN108: =(AO108/AP108)/100 -> 370.31595 | AO108: =AK108*100000 -> 2.6948447e+10 | AP108: =(AM108*5000)/1000 -> 727715
A109: 45055 | B109: {=_xll.BADDPERIODS(A109, "PER=WD", "NUMBEROFPERIODS=2", "BUSDAYADJ=-2", "CDR=GQ", "CDR=P9")} -> 45057 | C109: {=_xll.BDH("XAU Curncy","PX_LAST",A109,A109)} -> 2034.56 | D109: {=_xll.BDP("GCM23 Comdty",$M$32)} -> 01/06/2023 | E109: =_xlfn.DAYS(D109,B109) -> 21 | F109: 0.0525 | G109: =C109*(E109/360)*F109 -> 6.23084 | H109: 7.1 | I109: =H109-G109 -> 0.86916 | J109: 4 | K109: 6 | L109: 8 | N109: 45055 | O109: {=_xll.BADDPERIODS(N109, "PER=WD", "NUMBEROFPERIODS=2", "BUSDAYADJ=-2", "CDR=GQ", "CDR=P9")} -> 45057 | P109: {=_xll.BDH("XAG Curncy","PX_LAST",N109,N109)} -> 25.6022 | Q109: {=_xll.BDP("SIN23 Comdty",$M$32)} -> 03/07/2023 | R109: =_xlfn.DAYS(Q109,O109) -> 53 | S109: 0.05 | T109: =P109*(R109/360)*S109 -> 0.18846064 | U109: 0.255 | V109: =100*(U109-T109) -> 6.6539361 | W109: 15 | X109: 20 | Y109: 25 | Z109: =100*T109 -> 18.846064 | AA109: =U109*100 -> 25.5 | AB109: =V109 -> 6.6539361 | AE109: {=_xll.BDH("COMXGOLD Comdty","PX_Last", N109)} -> 22540551 | AF109: {=_xll.BDS("GCA Comdty","FUT_CHAIN", "CHAIN_DATE",A109,"endrow=1")} -> GCK23 Comdty | AG109: {=_xll.BDH(AF109,"FUT_AGGTE_OPEN_INT",A109)} -> 518951 | AH109: =AG109*$AG$17 -> 51895100 | AI109: =AE109/AH109 -> 0.43434835 | AK109: {=_xll.BDH("COMXSILV Comdty","PX_Last", N109)} -> 271242.94 | AL109: {=_xll.BDS("SIA Comdty","FUT_CHAIN", "CHAIN_DATE",A109,"endrow=1")} -> SIK23 Comdty | AM109: {=_xll.BDH(AL109,"FUT_AGGTE_OPEN_INT",A109)} -> 145445 | AN109: =(AO109/AP109)/100 -> 372.98352 | AO109: =AK109*100000 -> 27124294000 | AP109: =(AM109*5000)/1000 -> 727225
A110: 45056 | B110: {=_xll.BADDPERIODS(A110, "PER=WD", "NUMBEROFPERIODS=2", "BUSDAYADJ=-2", "CDR=GQ", "CDR=P9")} -> 45058 | C110: {=_xll.BDH("XAU Curncy","PX_LAST",A110,A110)} -> 2030.09 | D110: {=_xll.BDP("GCM23 Comdty",$M$32)} -> 01/06/2023 | E110: =_xlfn.DAYS(D110,B110) -> 20 | F110: 0.0525 | G110: =C110*(E110/360)*F110 -> 5.9210958 | H110: 6.75 | I110: =H110-G110 -> 0.82890417 | J110: 4 | K110: 6 | L110: 8 | N110: 45056 | O110: {=_xll.BADDPERIODS(N110, "PER=WD", "NUMBEROFPERIODS=2", "BUSDAYADJ=-2", "CDR=GQ", "CDR=P9")} -> 45058 | P110: {=_xll.BDH("XAG Curncy","PX_LAST",N110,N110)} -> 25.4022 | Q110: {=_xll.BDP("SIN23 Comdty",$M$32)} -> 03/07/2023 | R110: =_xlfn.DAYS(Q110,O110) -> 52 | S110: 0.05 | T110: =P110*(R110/360)*S110 -> 0.18346033 | U110: 0.265 | V110: =100*(U110-T110) -> 8.1539667 | W110: 15 | X110: 20 | Y110: 25 | Z110: =100*T110 -> 18.346033 | AA110: =U110*100 -> 26.5 | AB110: =V110 -> 8.1539667 | AE110: {=_xll.BDH("COMXGOLD Comdty","PX_Last", N110)} -> 22595176 | AF110: {=_xll.BDS("GCA Comdty","FUT_CHAIN", "CHAIN_DATE",A110,"endrow=1")} -> GCK23 Comdty | AG110: {=_xll.BDH(AF110,"FUT_AGGTE_OPEN_INT",A110)} -> 523668 | AH110: =AG110*$AG$17 -> 52366800 | AI110: =AE110/AH110 -> 0.43147902 | AK110: {=_xll.BDH("COMXSILV Comdty","PX_Last", N110)} -> 271022.91 | AL110: {=_xll.BDS("SIA Comdty","FUT_CHAIN", "CHAIN_DATE",A110,"endrow=1")} -> SIK23 Comdty | AM110: {=_xll.BDH(AL110,"FUT_AGGTE_OPEN_INT",A110)} -> 146796 | AN110: =(AO110/AP110)/100 -> 369.25108 | AO110: =AK110*100000 -> 2.7102291e+10 | AP110: =(AM110*5000)/1000 -> 733980
A111: 45057 | B111: {=_xll.BADDPERIODS(A111, "PER=WD", "NUMBEROFPERIODS=2", "BUSDAYADJ=-2", "CDR=GQ", "CDR=P9")} -> 45061 | C111: {=_xll.BDH("XAU Curncy","PX_LAST",A111,A111)} -> 2015.05 | D111: {=_xll.BDP("GCM23 Comdty",$M$32)} -> 01/06/2023 | E111: =_xlfn.DAYS(D111,B111) -> 17 | F111: 0.0525 | G111: =C111*(E111/360)*F111 -> 4.9956448 | H111: 5.9 | I111: =H111-G111 -> 0.90435521 | J111: 4 | K111: 6 | L111: 8 | N111: 45057 | O111: {=_xll.BADDPERIODS(N111, "PER=WD", "NUMBEROFPERIODS=2", "BUSDAYADJ=-2", "CDR=GQ", "CDR=P9")} -> 45061 | P111: {=_xll.BDH("XAG Curncy","PX_LAST",N111,N111)} -> 24.1835 | Q111: {=_xll.BDP("SIN23 Comdty",$M$32)} -> 03/07/2023 | R111: =_xlfn.DAYS(Q111,O111) -> 49 | S111: 0.051 | T111: =P111*(R111/360)*S111 -> 0.1678738 | U111: 0.2 | V111: =100*(U111-T111) -> 3.2126204 | W111: 15 | X111: 20 | Y111: 25 | Z111: =100*T111 -> 16.78738 | AA111: =U111*100 -> 20 | AB111: =V111 -> 3.2126204 | AE111: {=_xll.BDH("COMXGOLD Comdty","PX_Last", N111)} -> 22583087 | AF111: {=_xll.BDS("GCA Comdty","FUT_CHAIN", "CHAIN_DATE",A111,"endrow=1")} -> GCK23 Comdty | AG111: {=_xll.BDH(AF111,"FUT_AGGTE_OPEN_INT",A111)} -> 523752 | AH111: =AG111*$AG$17 -> 52375200 | AI111: =AE111/AH111 -> 0.43117901 | AK111: {=_xll.BDH("COMXSILV Comdty","PX_Last", N111)} -> 270403.84 | AL111: {=_xll.BDS("SIA Comdty","FUT_CHAIN", "CHAIN_DATE",A111,"endrow=1")} -> SIK23 Comdty | AM111: {=_xll.BDH(AL111,"FUT_AGGTE_OPEN_INT",A111)} -> 148225 | AN111: =(AO111/AP111)/100 -> 364.85591 | AO111: =AK111*100000 -> 2.7040384e+10 | AP111: =(AM111*5000)/1000 -> 741125
A112: 45058 | B112: {=_xll.BADDPERIODS(A112, "PER=WD", "NUMBEROFPERIODS=2", "BUSDAYADJ=-2", "CDR=GQ", "CDR=P9")} -> 45062 | C112: {=_xll.BDH("XAU Curncy","PX_LAST",A112,A112)} -> 2010.77 | D112: {=_xll.BDP("GCM23 Comdty",$M$32)} -> 01/06/2023 | E112: =_xlfn.DAYS(D112,B112) -> 16 | F112: 0.0518 | G112: =C112*(E112/360)*F112 -> 4.6292394 | H112: 5 | I112: =H112-G112 -> 0.37076062 | J112: 4 | K112: 6 | L112: 8 | N112: 45058 | O112: {=_xll.BADDPERIODS(N112, "PER=WD", "NUMBEROFPERIODS=2", "BUSDAYADJ=-2", "CDR=GQ", "CDR=P9")} -> 45062 | P112: {=_xll.BDH("XAG Curncy","PX_LAST",N112,N112)} -> 23.969 | Q112: {=_xll.BDP("SIN23 Comdty",$M$32)} -> 03/07/2023 | R112: =_xlfn.DAYS(Q112,O112) -> 48 | S112: 0.051 | T112: =P112*(R112/360)*S112 -> 0.1629892 | U112: 0.19 | V112: =100*(U112-T112) -> 2.70108 | W112: 15 | X112: 20 | Y112: 25 | Z112: =100*T112 -> 16.29892 | AA112: =U112*100 -> 19 | AB112: =V112 -> 2.70108 | AE112: {=_xll.BDH("COMXGOLD Comdty","PX_Last", N112)} -> 22593059 | AF112: {=_xll.BDS("GCA Comdty","FUT_CHAIN", "CHAIN_DATE",A112,"endrow=1")} -> GCK23 Comdty | AG112: {=_xll.BDH(AF112,"FUT_AGGTE_OPEN_INT",A112)} -> 521605 | AH112: =AG112*$AG$17 -> 52160500 | AI112: =AE112/AH112 -> 0.43314499 | AK112: {=_xll.BDH("COMXSILV Comdty","PX_Last", N112)} -> 270359.25 | AL112: {=_xll.BDS("SIA Comdty","FUT_CHAIN", "CHAIN_DATE",A112,"endrow=1")} -> SIK23 Comdty | AM112: {=_xll.BDH(AL112,"FUT_AGGTE_OPEN_INT",A112)} -> 142934 | AN112: =(AO112/AP112)/100 -> 378.29942 | AO112: =AK112*100000 -> 27035925000 | AP112: =(AM112*5000)/1000 -> 714670
A113: 45061 | B113: {=_xll.BADDPERIODS(A113, "PER=WD", "NUMBEROFPERIODS=2", "BUSDAYADJ=-2", "CDR=GQ", "CDR=P9")} -> 45063 | C113: {=_xll.BDH("XAU Curncy","PX_LAST",A113,A113)} -> 2016.49 | D113: {=_xll.BDP("GCM23 Comdty",$M$32)} -> 01/06/2023 | E113: =_xlfn.DAYS(D113,B113) -> 15 | F113: 0.052 | G113: =C113*(E113/360)*F113 -> 4.3690617 | H113: 4.6 | I113: =H113-G113 -> 0.23093833 | J113: 4 | K113: 6 | L113: 8 | N113: 45061 | O113: {=_xll.BADDPERIODS(N113, "PER=WD", "NUMBEROFPERIODS=2", "BUSDAYADJ=-2", "CDR=GQ", "CDR=P9")} -> 45063 | P113: {=_xll.BDH("XAG Curncy","PX_LAST",N113,N113)} -> 24.0855 | Q113: {=_xll.BDP("SIN23 Comdty",$M$32)} -> 03/07/2023 | R113: =_xlfn.DAYS(Q113,O113) -> 47 | S113: 0.051 | T113: =P113*(R113/360)*S113 -> 0.16036929 | U113: 0.19 | V113: =100*(U113-T113) -> 2.9630713 | W113: 15 | X113: 20 | Y113: 25 | Z113: =100*T113 -> 16.036929 | AA113: =U113*100 -> 19 | AB113: =V113 -> 2.9630713 | AE113: {=_xll.BDH("COMXGOLD Comdty","PX_Last", N113)} -> 22592674 | AF113: {=_xll.BDS("GCA Comdty","FUT_CHAIN", "CHAIN_DATE",A113,"endrow=1")} -> GCK23 Comdty | AG113: {=_xll.BDH(AF113,"FUT_AGGTE_OPEN_INT",A113)} -> 536021 | AH113: =AG113*$AG$17 -> 53602100 | AI113: =AE113/AH113 -> 0.42148859 | AK113: {=_xll.BDH("COMXSILV Comdty","PX_Last", N113)} -> 271107.13 | AL113: {=_xll.BDS("SIA Comdty","FUT_CHAIN", "CHAIN_DATE",A113,"endrow=1")} -> SIK23 Comdty | AM113: {=_xll.BDH(AL113,"FUT_AGGTE_OPEN_INT",A113)} -> 141131 | AN113: =(AO113/AP113)/100 -> 384.19218 | AO113: =AK113*100000 -> 27110713000 | AP113: =(AM113*5000)/1000 -> 705655
A114: 45062 | B114: {=_xll.BADDPERIODS(A114, "PER=WD", "NUMBEROFPERIODS=2", "BUSDAYADJ=-2", "CDR=GQ", "CDR=P9")} -> 45064 | C114: {=_xll.BDH("XAU Curncy","PX_LAST",A114,A114)} -> 1989.17 | D114: {=_xll.BDP("GCM23 Comdty",$M$32)} -> 01/06/2023 | E114: =_xlfn.DAYS(D114,B114) -> 14 | F114: 0.0516 | G114: =C114*(E114/360)*F114 -> 3.9916011 | H114: 4.2 | I114: =H114-G114 -> 0.20839887 | J114: 4 | K114: 6 | L114: 8 | N114: 45062 | O114: {=_xll.BADDPERIODS(N114, "PER=WD", "NUMBEROFPERIODS=2", "BUSDAYADJ=-2", "CDR=GQ", "CDR=P9")} -> 45064 | P114: {=_xll.BDH("XAG Curncy","PX_LAST",N114,N114)} -> 23.7491 | Q114: {=_xll.BDP("SIN23 Comdty",$M$32)} -> 03/07/2023 | R114: =_xlfn.DAYS(Q114,O114) -> 46 | S114: 0.05 | T114: =P114*(R114/360)*S114 -> 0.15173036 | U114: 0.17 | V114: =100*(U114-T114) -> 1.8269639 | W114: 15 | X114: 20 | Y114: 25 | Z114: =100*T114 -> 15.173036 | AA114: =U114*100 -> 17 | AB114: =V114 -> 1.8269639 | AE114: {=_xll.BDH("COMXGOLD Comdty","PX_Last", N114)} -> 22592641 | AF114: {=_xll.BDS("GCA Comdty","FUT_CHAIN", "CHAIN_DATE",A114,"endrow=1")} -> GCK23 Comdty | AG114: {=_xll.BDH(AF114,"FUT_AGGTE_OPEN_INT",A114)} -> 521832 | AH114: =AG114*$AG$17 -> 52183200 | AI114: =AE114/AH114 -> 0.43294856 | AK114: {=_xll.BDH("COMXSILV Comdty","PX_Last", N114)} -> 271480.72 | AL114: {=_xll.BDS("SIA Comdty","FUT_CHAIN", "CHAIN_DATE",A114,"endrow=1")} -> SIK23 Comdty | AM114: {=_xll.BDH(AL114,"FUT_AGGTE_OPEN_INT",A114)} -> 140139 | AN114: =(AO114/AP114)/100 -> 387.44492 | AO114: =AK114*100000 -> 2.7148072e+10 | AP114: =(AM114*5000)/1000 -> 700695
A115: 45063 | B115: {=_xll.BADDPERIODS(A115, "PER=WD", "NUMBEROFPERIODS=2", "BUSDAYADJ=-2", "CDR=GQ", "CDR=P9")} -> 45065 | C115: {=_xll.BDH("XAU Curncy","PX_LAST",A115,A115)} -> 1981.84 | D115: {=_xll.BDP("GCM23 Comdty",$M$32)} -> 01/06/2023 | E115: =_xlfn.DAYS(D115,B115) -> 13 | F115: 0.0516 | G115: =C115*(E115/360)*F115 -> 3.6928285 | H115: 3.7 | I115: =H115-G115 -> 0.0071714667 | J115: 4 | K115: 6 | L115: 8 | N115: 45063 | O115: {=_xll.BADDPERIODS(N115, "PER=WD", "NUMBEROFPERIODS=2", "BUSDAYADJ=-2", "CDR=GQ", "CDR=P9")} -> 45065 | P115: {=_xll.BDH("XAG Curncy","PX_LAST",N115,N115)} -> 23.7505 | Q115: {=_xll.BDP("SIN23 Comdty",$M$32)} -> 03/07/2023 | R115: =_xlfn.DAYS(Q115,O115) -> 45 | S115: 0.05 | T115: =P115*(R115/360)*S115 -> 0.14844062 | U115: 0.17 | V115: =100*(U115-T115) -> 2.1559375 | W115: 15 | X115: 20 | Y115: 25 | Z115: =100*T115 -> 14.844062 | AA115: =U115*100 -> 17 | AB115: =V115 -> 2.1559375 | AE115: {=_xll.BDH("COMXGOLD Comdty","PX_Last", N115)} -> 22592641 | AF115: {=_xll.BDS("GCA Comdty","FUT_CHAIN", "CHAIN_DATE",A115,"endrow=1")} -> GCK23 Comdty | AG115: {=_xll.BDH(AF115,"FUT_AGGTE_OPEN_INT",A115)} -> 499256 | AH115: =AG115*$AG$17 -> 49925600 | AI115: =AE115/AH115 -> 0.45252619 | AK115: {=_xll.BDH("COMXSILV Comdty","PX_Last", N115)} -> 271911.69 | AL115: {=_xll.BDS("SIA Comdty","FUT_CHAIN", "CHAIN_DATE",A115,"endrow=1")} -> SIK23 Comdty | AM115: {=_xll.BDH(AL115,"FUT_AGGTE_OPEN_INT",A115)} -> 139304 | AN115: =(AO115/AP115)/100 -> 390.38605 | AO115: =AK115*100000 -> 27191169000 | AP115: =(AM115*5000)/1000 -> 696520
... A122: 45072 | B122: {=_xll.BADDPERIODS(A122, "PER=WD", "NUMBEROFPERIODS=2", "BUSDAYADJ=-2", "CDR=GQ", "CDR=P9")} -> 45077 | C122: {=_xll.BDH("XAU Curncy","PX_LAST",A122,A122)} -> 1946.46 | D122: {=_xll.BDP("GCM23 Comdty",$M$32)} -> 01/06/2023 | E122: =_xlfn.DAYS(D122,B122) -> 1 | F122: 0.0514 | G122: =C122*(E122/360)*F122 -> 0.27791123 | H122: 0 | I122: =H122-G122 -> -0.27791123 | J122: 4 | K122: 6 | L122: 8 | N122: 45072 | O122: {=_xll.BADDPERIODS(N122, "PER=WD", "NUMBEROFPERIODS=2", "BUSDAYADJ=-2", "CDR=GQ", "CDR=P9")} -> 45077 | P122: {=_xll.BDH("XAG Curncy","PX_LAST",N122,N122)} -> 23.301 | Q122: {=_xll.BDP("SIN23 Comdty",$M$32)} -> 03/07/2023 | R122: =_xlfn.DAYS(Q122,O122) -> 33 | S122: 0.05 | T122: =P122*(R122/360)*S122 -> 0.10679625 | U122: 0.11 | V122: =100*(U122-T122) -> 0.320375 | W122: 15 | X122: 20 | Y122: 25 | Z122: =100*T122 -> 10.679625 | AA122: =U122*100 -> 11 | AB122: =V122 -> 0.320375 | AE122: {=_xll.BDH("COMXGOLD Comdty","PX_Last", N122)} -> 22871329 | AF122: {=_xll.BDS("GCA Comdty","FUT_CHAIN", "CHAIN_DATE",A122,"endrow=1")} -> GCK23 Comdty | AG122: {=_xll.BDH(AF122,"FUT_AGGTE_OPEN_INT",A122)} -> 453644 | AH122: =AG122*$AG$17 -> 45364400 | AI122: =AE122/AH122 -> 0.50416912 | AK122: {=_xll.BDH("COMXSILV Comdty","PX_Last", N122)} -> 272143.75 | AL122: {=_xll.BDS("SIA Comdty","FUT_CHAIN", "CHAIN_DATE",A122,"endrow=1")} -> SIK23 Comdty | AM122: {=_xll.BDH(AL122,"FUT_AGGTE_OPEN_INT",A122)} -> 135201 | AN122: =(AO122/AP122)/100 -> 402.57653 | AO122: =AK122*100000 -> 27214375000 | AP122: =(AM122*5000)/1000 -> 676005
A123: 45076 | B123: {=_xll.BADDPERIODS(A123, "PER=WD", "NUMBEROFPERIODS=2", "BUSDAYADJ=-2", "CDR=GQ", "CDR=P9")} -> 45078 | C123: {=_xll.BDH("XAU Curncy","PX_LAST",A123,A123)} -> 1959.33 | D123: {=_xll.BDP("GCQ23 Comdty",$M$32)} -> 01/08/2023 | E123: =_xlfn.DAYS(D123,B123) -> 61 | F123: 0.0525 | G123: =C123*(E123/360)*F123 -> 17.429873 | H123: 18.1 | I123: =H123-G123 -> 0.67012688 | J123: 4 | K123: 6 | L123: 8 | N123: 45076 | O123: {=_xll.BADDPERIODS(N123, "PER=WD", "NUMBEROFPERIODS=2", "BUSDAYADJ=-2", "CDR=GQ", "CDR=P9")} -> 45078 | P123: {=_xll.BDH("XAG Curncy","PX_LAST",N123,N123)} -> 23.1749 | Q123: {=_xll.BDP("SIN23 Comdty",$M$32)} -> 03/07/2023 | R123: =_xlfn.DAYS(Q123,O123) -> 32 | S123: 0.0505 | T123: =P123*(R123/360)*S123 -> 0.10402955 | U123: 0.1 | V123: =100*(U123-T123) -> -0.40295511 | W123: 15 | X123: 20 | Y123: 25 | Z123: =100*T123 -> 10.402955 | AA123: =U123*100 -> 10 | AB123: =V123 -> -0.40295511 | AE123: {=_xll.BDH("COMXGOLD Comdty","PX_Last", N123)} -> 22865285 | AF123: {=_xll.BDS("GCA Comdty","FUT_CHAIN", "CHAIN_DATE",A123,"endrow=1")} -> GCM23 Comdty | AG123: {=_xll.BDH(AF123,"FUT_AGGTE_OPEN_INT",A123)} -> 449515 | AH123: =AG123*$AG$17 -> 44951500 | AI123: =AE123/AH123 -> 0.50866567 | AK123: {=_xll.BDH("COMXSILV Comdty","PX_Last", N123)} -> 273670.81 | AL123: {=_xll.BDS("SIA Comdty","FUT_CHAIN", "CHAIN_DATE",A123,"endrow=1")} -> SIM23 Comdty | AM123: {=_xll.BDH(AL123,"FUT_AGGTE_OPEN_INT",A123)} -> 133619 | AN123: =(AO123/AP123)/100 -> 409.62859 | AO123: =AK123*100000 -> 27367081000 | AP123: =(AM123*5000)/1000 -> 668095
A124: 45077 | B124: {=_xll.BADDPERIODS(A124, "PER=WD", "NUMBEROFPERIODS=2", "BUSDAYADJ=-2", "CDR=GQ", "CDR=P9")} -> 45079 | C124: {=_xll.BDH("XAU Curncy","PX_LAST",A124,A124)} -> 1962.73 | D124: {=_xll.BDP("GCQ23 Comdty",$M$32)} -> 01/08/2023 | E124: =_xlfn.DAYS(D124,B124) -> 60 | F124: 0.0525 | G124: =C124*(E124/360)*F124 -> 17.173887 | H124: 17.85 | I124: =H124-G124 -> 0.6761125 | J124: 4 | K124: 6 | L124: 8 | N124: 45077 | O124: {=_xll.BADDPERIODS(N124, "PER=WD", "NUMBEROFPERIODS=2", "BUSDAYADJ=-2", "CDR=GQ", "CDR=P9")} -> 45079 | P124: {=_xll.BDH("XAG Curncy","PX_LAST",N124,N124)} -> 23.4858 | Q124: {=_xll.BDP("SIN23 Comdty",$M$32)} -> 03/07/2023 | R124: =_xlfn.DAYS(Q124,O124) -> 31 | S124: 0.0505 | T124: =P124*(R124/360)*S124 -> 0.10213061 | U124: 0.095 | V124: =100*(U124-T124) -> -0.71306108 | W124: 15 | X124: 20 | Y124: 25 | Z124: =100*T124 -> 10.213061 | AA124: =U124*100 -> 9.5 | AB124: =V124 -> -0.71306108 | AE124: {=_xll.BDH("COMXGOLD Comdty","PX_Last", N124)} -> 22870918 | AF124: {=_xll.BDS("GCA Comdty","FUT_CHAIN", "CHAIN_DATE",A124,"endrow=1")} -> GCM23 Comdty | AG124: {=_xll.BDH(AF124,"FUT_AGGTE_OPEN_INT",A124)} -> 445179 | AH124: =AG124*$AG$17 -> 44517900 | AI124: =AE124/AH124 -> 0.51374655 | AK124: {=_xll.BDH("COMXSILV Comdty","PX_Last", N124)} -> 274068.22 | AL124: {=_xll.BDS("SIA Comdty","FUT_CHAIN", "CHAIN_DATE",A124,"endrow=1")} -> SIM23 Comdty | AM124: {=_xll.BDH(AL124,"FUT_AGGTE_OPEN_INT",A124)} -> 133598 | AN124: =(AO124/AP124)/100 -> 410.28791 | AO124: =AK124*100000 -> 2.7406822e+10 | AP124: =(AM124*5000)/1000 -> 667990
...

Sheet Tables
A1: XAU in $ | B1: =Info!G1 -> Swap Implied EFP | C1: =Info!H1 -> Traded EFP | D1: =Info!I1 -> Nearby Contract Discount/Premium EFP over Swaps | F1: XAG in Cents | G1: =Info!T1 -> Swap Implied EFP | H1: =Info!U1 -> Traded EFP | I1: =Info!V1 -> Nearby Contract/Premium EFP over Swaps
A2: =Info!A24 -> 44929 | B2: =Info!G24 -> 6.070284 | C2: =Info!H24 -> 6.1 | D2: =Info!I24 -> 0.029716 | F2: =Info!N24 -> 44929 | G2: =100*Info!T24 -> 15.588008 | H2: =100*Info!U24 -> 19.5 | I2: =100*Info!V24 -> 391.19917
A3: =Info!A25 -> 44930 | B3: =Info!G25 -> 5.9603498 | C3: =Info!H25 -> 5.9 | D3: =Info!I25 -> -0.060349778 | F3: =Info!N25 -> 44930 | G3: =100*Info!T25 -> 15.146809 | H3: =100*Info!U25 -> 16.25 | I3: =100*Info!V25 -> 110.31913
A4: =Info!A26 -> 44931 | B4: =Info!G26 -> 5.2110081 | C4: =Info!H26 -> 4.9 | D4: =Info!I26 -> -0.3110081 | F4: =Info!N26 -> 44931 | G4: =100*Info!T26 -> 13.994705 | H4: =100*Info!U26 -> 14.625 | I4: =100*Info!V26 -> 63.029542
A5: =Info!A27 -> 44932 | B5: =Info!G27 -> 4.9596259 | C5: =Info!H27 -> 5 | D5: =Info!I27 -> 0.040374083 | F5: =Info!N27 -> 44932 | G5: =100*Info!T27 -> 14.066615 | H5: =100*Info!U27 -> 16.25 | I5: =100*Info!V27 -> 218.33854
A6: =Info!A28 -> 44935 | B6: =Info!G28 -> 4.8043123 | C6: =Info!H28 -> 4.75 | D6: =Info!I28 -> -0.054312333 | F6: =Info!N28 -> 44935 | G6: =100*Info!T28 -> 13.681215 | H6: =100*Info!U28 -> 15 | I6: =100*Info!V28 -> 131.87849
A7: =Info!A29 -> 44936 | B7: =Info!G29 -> 4.5882956 | C7: =Info!H29 -> 4.3 | D7: =Info!I29 -> -0.28829556 | F7: =Info!N29 -> 44936 | G7: =100*Info!T29 -> 13.375147 | H7: =100*Info!U29 -> 13.5 | I7: =100*Info!V29 -> 12.485333
A8: =Info!A30 -> 44937 | B8: =Info!G30 -> 4.355769 | C8: =Info!H30 -> 3.9 | D8: =Info!I30 -> -0.455769 | F8: =Info!N30 -> 44937 | G8: =100*Info!T30 -> 12.992461 | H8: =100*Info!U30 -> 12.5 | I8: =100*Info!V30 -> -49.246132
A9: =Info!A31 -> 44938 | B9: =Info!G31 -> 3.4779983 | C9: =Info!H31 -> 3.05 | D9: =Info!I31 -> -0.42799833 | F9: =Info!N31 -> 44938 | G9: =100*Info!T31 -> 12.070485 | H9: =100*Info!U31 -> 12.5 | I9: =100*Info!V31 -> 42.951479
A10: =Info!A32 -> 44939 | B10: =Info!G32 -> 3.2857269 | C10: =Info!H32 -> 3 | D10: =Info!I32 -> -0.28572689 | F10: =Info!N32 -> 44939 | G10: =100*Info!T32 -> 12.031049 | H10: =100*Info!U32 -> 14.25 | I10: =100*Info!V32 -> 221.89512
A11: =Info!A33 -> 44942 | B11: =Info!G33 -> 3.2785231 | C11: =Info!H33 -> 2.9 | D11: =Info!I33 -> -0.37852311 | F11: =Info!N33 -> 44942 | G11: =100*Info!T33 -> 12.02619 | H11: =100*Info!U33 -> 15.5 | I11: =100*Info!V33 -> 347.38104
A12: =Info!A34 -> 44943 | B12: =Info!G34 -> 3.0326963 | C12: =Info!H34 -> 2.6 | D12: =Info!I34 -> -0.43269633 | F12: =Info!N34 -> 44943 | G12: =100*Info!T34 -> 11.582107 | H12: =100*Info!U34 -> 14.25 | I12: =100*Info!V34 -> 266.78929
A13: =Info!A35 -> 44944 | B13: =Info!G35 -> 2.7926947 | C13: =Info!H35 -> 2 | D13: =Info!I35 -> -0.79269467 | F13: =Info!N35 -> 44944 | G13: =100*Info!T35 -> 11.080458 | H13: =100*Info!U35 -> 14 | I13: =100*Info!V35 -> 291.95417
... A16: =Info!A38 -> 44949 | B16: =Info!G38 -> 1.652112 | C16: =Info!H38 -> 1.3 | D16: =Info!I38 -> -0.352112 | F16: =Info!N38 -> 44949 | G16: =100*Info!T38 -> 10.034811 | H16: =100*Info!U38 -> 11.5 | I16: =100*Info!V38 -> 146.51889
